,baseMean,log2FoldChange,lfcSE,stat,pvalue,padj
Helitron1_CE,2426.762018961,4.29803571695385,0.584102516854617,7.35835849518113,1.86185477864691e-13,5.25043047578428e-11
MSAT1_CE,2.67779090847933,-3.88821749956779,1.17089453971531,-3.32072391465177,0.00089784305400448,0.111533071242673
Merlin1m_CE,4.97585544947888,-4.79091586959102,1.47771976214432,-3.24210042548183,0.00118652203449652,0.111533071242673
CELE45,2986.18444021554,1.28403460269371,0.414022243347084,3.10136622687992,0.00192629887360713,0.135804070589303
(T)n,12.7878464397933,1.8523515208193,0.646390449286069,2.86568516423038,0.00416107847284345,0.167632018477407
(TTTC)n,2.94413504834575,-3.17467741522571,1.09065969843124,-2.91078639816987,0.00360520389616527,0.167632018477407
C-rich,8.37560810904159,-3.1679915665382,1.07689865192414,-2.94177317510594,0.00326338866131253,0.167632018477407
LINE2B_CE,11.8094485017677,-3.02351717593078,1.1726967361533,-2.57826007587313,0.00992992299670391,0.350029785633813
PALTA4_CE,4.41371442659546,3.61041078779126,1.48169592433031,2.43667457573865,0.0148230124733687,0.464454390832219
CER9-I_CE-int,62.8957207934,-1.62185134562566,0.696227313275265,-2.32948537740638,0.0198333667636211,0.559300942734115
CERP3,148.309503523805,-0.701013541716151,0.310130419043707,-2.26038304748608,0.0237974877176284,0.610081048761018
TIR43YW1_CE,20.7274804914367,2.02033328611023,0.918695514596435,2.19913263318557,0.0278684927403606,0.654909579398474
CER16-LTR_CE,3.91104505654413,-2.32264054314255,1.13347829337678,-2.04912661911072,0.0404497351767166,0.760455021322272
CER3-1-LTR_CE,7.88129139880543,1.94204894619984,0.942358581814737,2.06083860610678,0.0393184400054944,0.760455021322272
RTE1,201.448857540407,-0.742431594511428,0.358196884367927,-2.07269137983018,0.0382010105268792,0.760455021322272
(CCTAA)n,1.14217912300627,-2.88363552539344,1.48593874652471,-1.94061533972221,0.052304952059605,0.867646851812271
(TTTA)n,2.94478819089182,2.55346848206031,1.31350118830385,1.94401688007429,0.0518934155656459,0.867646851812271
(TTAGGC)n,85.2482544960848,-0.6479891406763,0.338340449795457,-1.9151985553842,0.0554671866613004,0.868985924360373
(AATTG)n,20.1760459582201,1.58156382810234,1.04749073384613,1.50985949278541,0.131079280631366,0.983581961498469
(ATG)n,454.605540410249,-0.565392042067353,0.32579094829256,-1.73544429343578,0.0826621403974754,0.983581961498469
(ATGGTG)n,24.0927856275754,-1.39373805879024,0.909797262183917,-1.53192157936885,0.12554178768414,0.983581961498469
(CAGAGA)n,9.34476801172101,-1.59916096294078,1.10073271423822,-1.45281496793479,0.146275134966344,0.983581961498469
(CTA)n,14.7141159540804,1.03830852161757,0.671865944355459,1.54541025682385,0.122247060930528,0.983581961498469
(TTTG)n,2.13733929275571,-2.43819733952533,1.75161149622166,-1.3919738165596,0.163930326916412,0.983581961498469
AT_rich,11459.1960218515,0.517175593846407,0.293465628024123,1.76230380821258,0.0780179808131398,0.983581961498469
CELE11,82.8976263793044,0.514212183517767,0.340985062362971,1.50801967673997,0.13154949108234,0.983581961498469
CELE12A,16.6282953235586,-0.97955488493358,0.633255923783984,-1.54685467303694,0.121898293091622,0.983581961498469
CELE2,335.526556144819,0.377399304369611,0.222695907299931,1.69468450922775,0.0901352858375867,0.983581961498469
CEMUDR1,75.4772461702691,0.615641195997565,0.378766155585696,1.62538597210615,0.104080343018775,0.983581961498469
CER11-I_CE-int,9.59727353497835,-2.07558841314574,1.42804075422597,-1.45345180591205,0.146098351502338,0.983581961498469
CER15-1-I_CE-int,12.4778192298251,1.54615032037063,1.03555673173199,1.49306191828298,0.135420979736258,0.983581961498469
CER15-I_CE-int,11.468292945472,-0.913787789947101,0.595688644353595,-1.53400236618358,0.125029070670116,0.983581961498469
CER7-I_CE-int,2226.08992471913,1.39051505240898,0.86462957803868,1.60822054637919,0.107786884779603,0.983581961498469
CERP1,1.71639742954053,-2.74474360772183,1.90154184422063,-1.44343055929268,0.148899220745534,0.983581961498469
Chapaev-1_CE,86.6978455246071,-0.428693732645343,0.305893172756494,-1.40144916861745,0.161079797850454,0.983581961498469
HelitronY2_CE,50.7026325695902,-0.89982723324983,0.642078087022454,-1.40142959468162,0.161085647556161,0.983581961498469
MARINCE1,20.007505232506,-1.18446571716367,0.839810720137256,-1.41039604373005,0.158422772947712,0.983581961498469
NDNAX2_CE,28.4474076477411,-1.10591955943487,0.635906934596499,-1.7391217161936,0.0820133555723476,0.983581961498469
NPAL0A_CE,1.72734314717679,2.96401818512175,1.73495255734319,1.70841454573299,0.087559450162861,0.983581961498469
PAL5A_CE,85.6180320338149,0.605946471701658,0.431609502570354,1.40392291664822,0.160341804711447,0.983581961498469
PAL8B_CE,1.43027507414899,-2.46210234718129,1.52013956176908,-1.619655463947,0.105306308095688,0.983581961498469
PALTA3_CE,34.4970853570556,0.912365008771737,0.566120873830527,1.61160814049909,0.107047238137733,0.983581961498469
PALTTAA2_CE,71.830960637941,-0.43846708597758,0.314018879156541,-1.39630804095381,0.162621753434952,0.983581961498469
PALTTAA3_CE,127.835329903093,0.383220282382919,0.258295176327652,1.48365249336595,0.137901135539094,0.983581961498469
PALTTTAAA3,39.558176914703,1.06401798145063,0.71401830803324,1.49018305200249,0.136176111378239,0.983581961498469
T-rich,1474.75548809224,0.466329612260697,0.324201618880168,1.43839384229929,0.150322338802904,0.983581961498469
TC2,15.0510229531318,1.25748031953053,0.73487867396246,1.71114003451782,0.087055265238934,0.983581961498469
(GAAAA)n,18.8552269840331,-1.16499936821811,0.861600322400443,-1.35213432252716,0.176332349258993,0.987858699667274
(TAAAAA)n,3.20339403167233,-1.55736929647478,1.14434043699012,-1.36093180502388,0.173535241386042,0.987858699667274
(TAG)n,26.9865163884985,0.65204398114147,0.488737705596135,1.33413889224312,0.182158341782618,0.987858699667274
CT-rich,2590.77808562934,-0.385914728745646,0.280420888637742,-1.37619822339335,0.168760271994156,0.987858699667274
LONGPAL1,4.03826818245857,-1.41831183102553,1.05623720253747,-1.34279670098556,0.179337811934833,0.987858699667274
(A)n,20.7076715443055,0.250987829373855,0.404379545158345,0.620673900000493,0.5348142055035,0.999794118537047
(ACTAG)n,4.75887043737828,-0.580661251783238,1.6314256712643,-0.355922590903724,0.721898537098945,0.999794118537047
(ATCTG)n,0.315609727571532,-1.54474285337779,3.00511267411881,-0.514038247777432,0.60722524997962,0.999794118537047
(C)n,107.105834979255,0.507747684845394,0.769792260540323,0.659590529643676,0.509516633277292,0.999794118537047
(CA)n,69.3620173922921,-0.372702745202433,0.567186910610637,-0.657107451230106,0.511111828126671,0.999794118537047
(CAA)n,421.688224872213,-0.243592421546658,0.463869127051777,-0.52513178252423,0.599491583306771,0.999794118537047
(CAAA)n,15.1308473961218,0.740785788163082,1.22974013705787,0.602392136224324,0.5469131432748,0.999794118537047
(CAAT)n,0.997980599494985,-0.996814484477034,1.82566582896682,-0.546000515900083,0.585065582582955,0.999794118537047
(CAATA)n,0.688953058667693,0.160056060781177,2.52445085531695,0.0634023278544203,0.949446133623056,0.999794118537047
(CAATC)n,5.22358664541032,-1.23712688262401,1.50482858171441,-0.822104854769962,0.411017222703189,0.999794118537047
(CAATT)n,0.369310380265917,-0.5320775050401,2.99810075875018,-0.177471522091842,0.859138032233417,0.999794118537047
(CACCAT)n,29.6728357286154,0.170130002504532,0.427277157757865,0.398172472868169,0.690503055483683,0.999794118537047
(CAG)n,207.715808350068,0.0662289557212327,0.431932515678927,0.153331720389542,0.878136687180684,0.999794118537047
(CAGA)n,1.09503841522596,0.442078261947929,1.62407077595018,0.272203815556799,0.785465308183814,0.999794118537047
(CAGG)n,63.6873283020258,-0.166331324232655,0.396882027126459,-0.419095128688345,0.675146610660687,0.999794118537047
(CAGT)n,0.386472690189939,3.14945627190932,3.03466545800875,1.03782651349513,0.299350830812263,0.999794118537047
(CAT)n,511.312071231245,-0.167960630358533,0.325526941277798,-0.515965375090717,0.605878592533765,0.999794118537047
(CATA)n,1.03320187703625,0.492547651216308,1.85997945920443,0.264813489621539,0.791153144564357,0.999794118537047
(CATAT)n,0.287455271944124,-0.309938478177488,3.01873736958994,-0.10267156106382,0.918223645317633,0.999794118537047
(CATATA)n,2.80475487764694,0.669117959833788,1.45067699171729,0.461245310743984,0.644622616832737,0.999794118537047
(CATCC)n,4.83247706360823,0.542164536708683,0.970953499725648,0.558383626880048,0.576582450840004,0.999794118537047
(CATG)n,0.637951027448236,2.66734782100805,2.74492183895407,0.971739079472085,0.331180369914448,0.999794118537047
(CATTC)n,2.56039734877609,-1.37753265110982,1.59794095144128,-0.862067305971065,0.38865048123316,0.999794118537047
(CATTT)n,0.453846353363925,1.82937234075276,2.2815773880141,0.801801573929982,0.422667748065428,0.999794118537047
(CCA)n,431.78391708327,0.159087347266588,0.2746022898519,0.579337293044379,0.562361606651605,0.999794118537047
(CCAA)n,20.9340185860031,0.74134738101873,1.29237308441594,0.573632637477717,0.566216421172647,0.999794118537047
(CCCCAA)n,0.808164241868456,3.92204545568655,3.02516795149399,1.29647197067179,0.194812930665945,0.999794118537047
(CCCCAG)n,831.774419119078,0.0695701273516212,0.446959181208071,0.155652082509151,0.87630726930761,0.999794118537047
(CCCGAA)n,23.8631830349112,0.0480016521795791,0.551144773080383,0.0870944523546777,0.930596435010392,0.999794118537047
(CCG)n,22.0678849875388,0.489779784942752,0.603497257174955,0.811569197904016,0.417038871694263,0.999794118537047
(CCTA)n,31.0133534485701,-0.39510485875329,0.478283143141177,-0.826089868353701,0.408753114560663,0.999794118537047
(CCTAG)n,3.17756169004765,-1.46628536460296,1.82403296667565,-0.80386999105356,0.421472062665569,0.999794118537047
(CCTCG)n,0.0322060575158283,1.61571749886387,3.05104330057249,0.529562297120037,0.59641544090326,0.999794118537047
(CCTG)n,46.0804625659066,-0.163781432226411,0.558394249460539,-0.293307877695086,0.769286832786909,0.999794118537047
(CGA)n,37.4253275660425,-0.134173389556466,0.759666181316636,-0.176621511996124,0.85980569560404,0.999794118537047
(CGATA)n,0.965506714568951,-2.80290744411769,2.48493059672022,-1.12796206373617,0.259335940864309,0.999794118537047
(CGG)n,69.9375938292282,0.0312705919338525,0.579501216028946,0.0539612188359767,0.956966062085726,0.999794118537047
(CGGA)n,0.215974883369667,2.66870852825931,3.0386231980167,0.878262408449053,0.379801331007086,0.999794118537047
(CTAGG)n,0.793482632843833,-0.944797386195468,2.12668994853774,-0.444257230277073,0.656856619515938,0.999794118537047
(CTAGGG)n,3.7753461155423,-0.894097154555583,1.50161646949877,-0.595423114168444,0.551560678802808,0.999794118537047
(CTAGT)n,0.755739765799712,0.33446754905038,2.74593413508986,0.121804651020675,0.903053730399366,0.999794118537047
(CTCG)n,0.42480126656621,-1.90969232627363,2.99935154675872,-0.63670173252527,0.524319144846553,0.999794118537047
(CTG)n,1404.18324515245,0.396393011187791,0.439814290272176,0.901273605599503,0.36744286384809,0.999794118537047
(CTGGGG)n,24.8729101861899,0.753211945546618,0.651443634736644,1.15621967179266,0.247591315374588,0.999794118537047
(G)n,14.7132205151348,0.649862893508428,0.698349317113513,0.930569956299959,0.352076061506153,0.999794118537047
(GA)n,181.648312863651,0.143685654267148,0.456537857156465,0.314728892718975,0.752967505038461,0.999794118537047
(GAA)n,315.042664841835,-0.157212666222637,0.456937522994735,-0.344057247022037,0.730803234189166,0.999794118537047
(GAAA)n,4.13910785642104,0.136877526592813,1.15612299142911,0.11839356851092,0.905755821524163,0.999794118537047
(GAATG)n,0.593392994984973,-0.295515190237607,2.19834808771316,-0.134426022834727,0.893065705135129,0.999794118537047
(GATTG)n,0.506924707793438,1.41527526104805,2.05276205899822,0.689449249533929,0.490540599911724,0.999794118537047
(GCCTAA)n,93.7489402939784,0.3436652849657,0.362264304017966,0.948658979518601,0.342794083432688,0.999794118537047
(GGA)n,57.53551594502,0.345193946366411,0.453222045774847,0.761644208582688,0.446272381975932,0.999794118537047
(GGAGAA)n,0.688963140243023,-0.363960238716312,2.81105087303226,-0.129474796136902,0.896981966839845,0.999794118537047
(GGATG)n,8.38168615692974,-0.0413094948873487,0.973253354749054,-0.0424447495462269,0.966144155492619,0.999794118537047
(TA)n,30.2101135232375,-0.346207732444593,0.519618272608664,-0.666273206110537,0.505236488439478,0.999794118537047
(TAA)n,14.7808788209039,0.0273478848759149,0.578762325287731,0.0472523584915776,0.962312098052414,0.999794118537047
(TAAA)n,0.798732128663306,-1.30611488199495,2.30550321978005,-0.566520519593789,0.571039987929421,0.999794118537047
(TAGA)n,0.412706348050158,-1.89860563861304,2.55307705583982,-0.743653872205006,0.457085902569127,0.999794118537047
(TAGG)n,24.017919683672,-0.797227314410907,0.862376244090879,-0.924454169364728,0.355249902633455,0.999794118537047
(TATAA)n,1.50651111081114,-0.800427194383142,2.07943201203592,-0.384925878677546,0.700292332020026,0.999794118537047
(TATATG)n,0.671204793590798,0.100169259820811,2.18614963754498,0.0458199466772552,0.963453760357105,0.999794118537047
(TATG)n,3.11935164628947,-0.401812771344879,1.50010960579653,-0.267855608545034,0.788810464665444,0.999794118537047
(TC)n,311.72976134314,0.367260963155096,0.524609600084859,0.700065273482774,0.483886541573957,0.999794118537047
(TCC)n,105.781496611933,0.000213667659745404,0.828059615066145,0.000258034150993267,0.999794118537047,0.999794118537047
(TCCA)n,21.2332907712786,0.424485804448261,0.859533722345633,0.493855905141052,0.621407947724248,0.999794118537047
(TCCG)n,1.2217032710971,-1.60078597540323,1.78093371200204,-0.898846467229655,0.368734445435297,0.999794118537047
(TCG)n,9.17411732910034,-0.00775782430069995,0.945668215642065,-0.00820353710992893,0.993454597811532,0.999794118537047
(TCGTG)n,0.318945322505194,-1.56524434723771,3.00474999435617,-0.520923321466914,0.602420188415252,0.999794118537047
(TCTA)n,0.259525165625802,-0.93835422216928,2.94410748224747,-0.318722814240789,0.749936712945925,0.999794118537047
(TCTCTG)n,1.14761495049229,2.50905105371587,2.51026881139734,0.99951488953058,0.317545329869922,0.999794118537047
(TG)n,186.065484402313,0.13409258835145,0.349194721995363,0.384005197974416,0.700974594896765,0.999794118537047
(TGAA)n,0.479116291509794,-1.2850679069733,2.17687810334706,-0.590326075216358,0.554972061104877,0.999794118537047
(TGAG)n,8.57833128914734,0.790671079132354,1.27954442645174,0.617931712871382,0.536620353313448,0.999794118537047
(TGG)n,419.082994057882,0.306172536145824,0.478464815893591,0.639906062003765,0.522233672616965,0.999794118537047
(TGGA)n,6.94405299251951,0.279137286790463,0.947703643517696,0.294540691807788,0.768344774094749,0.999794118537047
(TTA)n,15.419087280691,-0.590367589326776,0.503947097286054,-1.17148723051711,0.241402987632534,0.999794118537047
(TTAA)n,0.209810979130396,2.64972053351643,3.03880672914871,0.871960861511821,0.383229729436387,0.999794118537047
(TTAAG)n,0.202539549800903,2.63240318868681,3.03897611462888,0.866213846175057,0.386372901635637,0.999794118537047
(TTC)n,147.592174356696,0.0481112513328916,0.440230855405918,0.109286413576191,0.912975322442776,0.999794118537047
(TTCA)n,2.1757717279482,0.687225320848105,1.35039411388469,0.508907224773927,0.610817255590785,0.999794118537047
(TTCG)n,0.24015145509973,-0.552675964294824,3.01226092643908,-0.183475461718439,0.854424970662785,0.999794118537047
(TTCTCC)n,3.25175930352215,0.379930958262886,1.30431158942694,0.291288493748501,0.770830686752459,0.999794118537047
(TTG)n,409.276500274491,0.19029922249162,0.454179103797042,0.418995988368191,0.675219064182574,0.999794118537047
(TTGG)n,407.517579926157,-0.105153349005068,0.564081993979439,-0.186415007263822,0.85211932460453,0.999794118537047
(TTGGGG)n,1.99459040742184,0.944912504263726,1.70508803255224,0.55417226924603,0.579460954605841,0.999794118537047
(TTTAA)n,0.689920292326974,0.568003271249681,2.41032104438363,0.235654612307022,0.813700692134512,0.999794118537047
(TTTTA)n,0.485807912556323,-1.3010250935683,2.907770699467,-0.447430429712626,0.654564308890973,0.999794118537047
(TTTTC)n,4.75370458583587,-0.347125558117865,1.24337725678575,-0.279179594305287,0.780107002690348,0.999794118537047
(TTTTTA)n,1.58073265241842,0.171936532488783,2.4175210591674,0.0711210071311637,0.943301449231641,0.999794118537047
(TTTTTG)n,1.89992545419593,1.72343918037115,1.66100073488592,1.03759085963892,0.299460575100349,0.999794118537047
A-rich,314.011276396276,0.161933798891922,0.268184500802876,0.60381490506399,0.545966708738292,0.999794118537047
CELE1,161.429292622619,-0.0159129724364405,0.232816200085602,-0.0683499362612639,0.945507073650742,0.999794118537047
CELE12B,6.16837171938823,0.733063961241944,0.850350894005249,0.862072312041833,0.388647726617851,0.999794118537047
CELE14A,66.5063521062662,-0.00252764412956083,0.416280579251251,-0.00607197225992913,0.995155296849968,0.999794118537047
CELE14B,342.233882687077,0.0492640458890816,0.274436947721279,0.1795095241298,0.85753763962218,0.999794118537047
CELE4,87.0604219776946,0.359188442861489,0.347921858574994,1.0323825135122,0.301892960375011,0.999794118537047
CELE42,180.257586952194,0.11294279473033,0.383565641673955,0.294454931462125,0.768410297073022,0.999794118537047
CELE46A,165.067685448131,0.22977646958426,0.298896838759208,0.768748410114062,0.442042680346302,0.999794118537047
CELE46B,98.7186556408622,0.233740167295744,0.29809958260548,0.784100954629942,0.432980875324908,0.999794118537047
CELE6,19.3584709437807,0.636400140862618,0.703612244960953,0.904475647517952,0.36574324166932,0.999794118537047
CELE7,71.1329259191654,0.0857838134097156,0.440480316191446,0.194750617125037,0.845588183764742,0.999794118537047
CELETC2,30.5738773212389,-0.314300271551299,0.667937924133379,-0.470553116083489,0.637959894800819,0.999794118537047
CEMUDR2,44.3585050397237,-0.845199083908113,0.898991170357708,-0.940163943514382,0.347133473546303,0.999794118537047
CER1,44.9825683725975,-0.710532972717952,0.627299806647678,-1.13268482659843,0.257346631867715,0.999794118537047
CER10-I_CE-int,86.7764534040371,-0.0842130613120719,0.697552471095107,-0.120726489836476,0.90390767659767,0.999794118537047
CER10-LTR_CE,0.911951065769443,-0.689954784216027,2.03834763308813,-0.338487298739487,0.734995996971948,0.999794118537047
CER12-1-LTR_CE,3.76050557433382,-0.0351888478794729,1.36341500625148,-0.0258093447102506,0.979409408331919,0.999794118537047
CER12-I_CE-int,13.2929527846988,-1.11757917664111,1.13824566946164,-0.981843556821704,0.326176926090542,0.999794118537047
CER12-LTR_CE,2.91056354473462,-1.64337644965835,1.60523668347632,-1.02375959045456,0.305948841302661,0.999794118537047
CER13-I_CE-int,6.78770869055365,1.35631868342678,1.29302140503472,1.04895300119983,0.294199750009924,0.999794118537047
CER15-1-LTR_CE,0.199097992821635,-0.974877143741073,3.01748093226662,-0.3230764885095,0.746637315717164,0.999794118537047
CER16-1-LTR_CE,3.05967142536763,-0.0521347780778371,1.70056219358721,-0.0306573780567605,0.975542782554324,0.999794118537047
CER16-2-I_CE-int,19.317716337796,-0.672099822955426,0.882198051905007,-0.761846868176712,0.446151404036674,0.999794118537047
CER16-2-LTR_CE,0.404064999221778,0.148338584983758,3.01214290251461,0.0492468617142703,0.960722566299713,0.999794118537047
CER16-I_CE-int,5.28100220523502,0.249138388947669,1.38074487477447,0.180437670636556,0.856808982735129,0.999794118537047
CER17-I_CE-int,7.61325426678345,0.0049959183831991,1.09521986127651,0.00456156664048824,0.99636040902652,0.999794118537047
CER17-LTR_CE,0.553847992277058,0.721397796190995,3.0018084241932,0.240321064587886,0.810081366260407,0.999794118537047
CER2-I_CE-int,18.9113695449912,-1.25737931438958,0.986914040267272,-1.27405150102948,0.202645164810904,0.999794118537047
CER2-LTR_CE,3.16074993790521,-1.28504338243637,1.61339257974399,-0.796485243932558,0.425750048901997,0.999794118537047
CER3-I_CE-int,9.27284090796445,-1.0677287166344,1.15273869385239,-0.926253905007824,0.354314044733147,0.999794118537047
CER3-LTR_CE,0.23395473253213,-1.17473279238648,3.01259676237279,-0.389940269158768,0.696580715733661,0.999794118537047
CER4-I_CE-int,1.04677419809007,-0.783041687876385,1.82962062395676,-0.427980357033236,0.668665421542167,0.999794118537047
CER5-I_CE-int,10.962780226414,-1.24496633130876,1.25757704980394,-0.989972210054929,0.322187702397368,0.999794118537047
CER5-LTR_CE,0.875877984686474,-0.431463920945566,2.62203982728459,-0.164552771645881,0.869296007104807,0.999794118537047
CER6-I_CE-int,5.31069127815036,-1.79505954409093,1.56622777442297,-1.14610376179305,0.251752221281474,0.999794118537047
CER7-LTR_CE,2.08062347400708,-0.978225528141387,1.55028968787009,-0.630995313840569,0.528043588503418,0.999794118537047
CER8-I_CE-int,18.648809470687,0.308377471035446,0.907334188445561,0.339871984283714,0.73395293537471,0.999794118537047
CER8-LTR_CE,1.72003334182878,1.58753541403131,1.56880767288813,1.01193756345461,0.311567907429712,0.999794118537047
CER9-LTR_CE,18.5169210337821,0.0452556851964714,0.917093269311607,0.0493468731162332,0.960642865648586,0.999794118537047
CERP16,73.5931899105779,0.185152878830638,0.37872128080644,0.48888955602489,0.624919890119981,0.999794118537047
CERP2,31.1423301386505,0.409157748533437,0.425272202972173,0.962107905651689,0.335995403334703,0.999794118537047
CERP4,57.2325935442286,0.174834819828714,0.387855582281525,0.450772988235115,0.652153171357684,0.999794118537047
CeRep1A,46.6502896309853,0.281641335099777,0.748772572008627,0.376137355491344,0.706814784328993,0.999794118537047
CeRep3,21.7988070585894,0.237012328682802,0.769282834722757,0.308095173822798,0.758009913467122,0.999794118537047
CeRep4,21.0438222557538,-0.196659945257138,0.723452367456896,-0.27183537452292,0.785748604100769,0.999794118537047
CeRep5,106.243051945039,-0.164485384607373,0.267406043355143,-0.615114686802044,0.538478983499992,0.999794118537047
CeRep52,37.1254545475566,-0.615126259433191,0.592487389895361,-1.03820987572719,0.299172355893628,0.999794118537047
CeRep53,85.1986860534934,-0.210555246105943,0.639757529910289,-0.329117261246566,0.742067057787588,0.999794118537047
CeRep55,237.067060365576,-0.482019461459375,0.868977498681834,-0.554697287548363,0.579101731808563,0.999794118537047
CeRep56,5.61903845366029,-1.08876874954656,0.865246060594944,-1.25833424632747,0.208270900868425,0.999794118537047
CeRep58,0.381599997845345,-1.78531546687773,3.00115740563987,-0.594875651481227,0.551926593981202,0.999794118537047
CeRep59,50.873686576362,0.435759923257541,0.873782911266702,0.498705018876863,0.617987208367832,0.999794118537047
Chapaev-2_CE,29.1147741505083,0.368599471634947,0.494436782105543,0.745493630278229,0.455973360410179,0.999794118537047
DNA-3-1_CE,14.531787107133,-0.22325180216989,0.640978079655235,-0.348298653660623,0.727615904846242,0.999794118537047
G-rich,10.5250894231152,-0.897454755691302,0.91537556729255,-0.980422449274833,0.326877632840534,0.999794118537047
GA-rich,2314.48541238717,-0.101841950786141,0.271693462877773,-0.374841373463434,0.707778442334202,0.999794118537047
GC_rich,18.3812315293868,0.0241991595930843,0.678231830968778,0.035679775687494,0.971537696946168,0.999794118537047
HAT1_CE,83.2505928754273,0.0184976323794823,0.315794926345438,0.0585748244708919,0.953290763405724,0.999794118537047
HAT2_CE,14.1202126451343,-0.0355220703114446,0.786665895442159,-0.0451552183935454,0.96398358835952,0.999794118537047
HAT3_CE,14.3576600620328,-0.713449599034498,0.601162888596951,-1.18678250532,0.235313421246061,0.999794118537047
HAT4_CE,10.9097315155877,0.532016476879306,0.939487064960285,0.566283982740939,0.571200747019992,0.999794118537047
HATN1_CE,0.477782382762375,-1.32834700358664,2.18800454581827,-0.607104316179498,0.543781685971134,0.999794118537047
Helitron2_CE,105.101557615953,0.123694675035895,0.544876014994186,0.227014351213852,0.820412582825928,0.999794118537047
HelitronY1A_CE,215.057003251933,0.0106286805915084,0.274260711685415,0.0387539306165725,0.96908657526035,0.999794118537047
HelitronY1_CE,81.1033123415007,-0.412178582756134,0.420989167521002,-0.979071706721698,0.327544550264072,0.999794118537047
HelitronY3_CE,18.7619171974784,0.264012544273717,0.715576850319136,0.368950650312363,0.712164508983681,0.999794118537047
HelitronY4_CE,129.255552277536,-0.0171449022328252,0.404563045845065,-0.0423788143996504,0.966196716834213,0.999794118537047
IR1_CE,7.55603944138027,0.457554008893234,0.822758167263884,0.556122111087452,0.578127380549099,0.999794118537047
IR3_CE,28.0903967857326,0.0949719662123455,0.396206436585713,0.239703239126454,0.810560323684534,0.999794118537047
IR4,20.9388740910245,0.186092747338323,0.635670167439952,0.292750481098992,0.769712881033092,0.999794118537047
LINE2A_CE,24.4592164546612,0.493033890050704,0.634803720769048,0.776671392936082,0.437352668766958,0.999794118537047
LINE2C1_CE,51.549982601032,-0.736355865425664,0.620916344052501,-1.18591799439475,0.23565468619265,0.999794118537047
LINE2C_CE,32.455251700933,-0.965069056535569,0.76069966317413,-1.26865976581175,0.204562438237625,0.999794118537047
LINE2D_CE,18.1840717982119,0.482960422086809,0.908109655899514,0.531830510720008,0.594843388988516,0.999794118537047
LINE2E_CE,22.2398738760756,0.221299245737933,0.832853322569849,0.26571214851505,0.790460906466729,0.999794118537047
LINE2F_CE,12.7248575359411,-0.720016923173076,0.86971023470688,-0.827881395940736,0.407737671892502,0.999794118537047
LINE2G_CE,41.9078031299071,0.00603098852911296,0.493069939932069,0.012231507217706,0.990240912578719,0.999794118537047
LINE2H_CE,14.1358980094483,0.273491270256703,0.912534070666907,0.29970527024468,0.764401978233046,0.999794118537047
LONGPAL2,18.1950089476262,-0.302744988580775,0.623008463801346,-0.485940410397553,0.627009416021111,0.999794118537047
LONGPAL3,44.3751506317141,0.361287093543189,0.640320313567272,0.56422869287159,0.572598502969652,0.999794118537047
LR9A,45.4581156064378,0.153149585810004,0.507390577183993,0.301837662535992,0.762775818523808,0.999794118537047
LSU-rRNA_Cel,1760784.62530164,0.157627075333407,1.13078675718537,0.139395933257792,0.889137285777334,0.999794118537047
LTR1_CE,10.2673607219743,-0.895634762894475,0.816411530649973,-1.09703835537628,0.272624625684708,0.999794118537047
LTR2_CE,4.55441363674494,-1.02261975861017,1.31042344487459,-0.780373521711552,0.435171048564148,0.999794118537047
LTRCER1,2.13046806648943,-0.871743750061935,1.37086224979802,-0.635909078530957,0.524835685062876,0.999794118537047
MAR_CE,43.081787272448,-0.102746270008647,0.614324460367995,-0.167250820433064,0.867172698595525,0.999794118537047
MINISAT1_CE,101.860843962928,0.268514493147877,0.304341640899039,0.882279836418944,0.377625497612992,0.999794118537047
MIRAGE1,37.5579361515644,0.382165878139911,0.720536878107002,0.530390448777499,0.595841246828988,0.999794118537047
Mariner2_CE,246.960906884332,0.0326084603822091,0.478797371939135,0.0681049276652135,0.945702107757453,0.999794118537047
Mariner3_CE,59.0796826657254,0.291421180605978,0.633076915686064,0.460325078020205,0.64528290325933,0.999794118537047
Mariner4_CE,0.253732737942943,1.84922543543958,3.03538956378414,0.609221780789875,0.542377445148004,0.999794118537047
Mariner5_CE,13.1318240284973,-0.204412274733668,0.865057989715046,-0.236298926966737,0.813200719522005,0.999794118537047
NDNAX1_CE,14.0409583366518,-0.751412166707506,0.824106297557682,-0.911790346626872,0.361879093017561,0.999794118537047
NDNAX3_CE,61.1415799784009,-0.317968374138462,0.501816348601614,-0.633634944386583,0.52631909010524,0.999794118537047
NPAL5A_CE,13.5480382615889,-0.0866641865627334,0.758895955267637,-0.114197718358072,0.909081060564582,0.999794118537047
NPALTA1_CE,16.0365571677394,-0.418990913564512,0.673029438384045,-0.622544705578579,0.533583757142944,0.999794118537047
NTC2A,16.3328807479865,-0.839409492555463,0.646153601129524,-1.29908661205031,0.19391420707476,0.999794118537047
PAL3A_CE,19.0743949012288,-0.623050754569219,0.678219381435885,-0.918656664234711,0.358275183447165,0.999794118537047
PAL8A_CE,3.92950061899935,0.548667755807914,1.43116595538443,0.383371162333536,0.701444582111682,0.999794118537047
PAL8C_1,3.86872635065772,-0.594566018984013,1.17844854425853,-0.504532863891913,0.613886974135475,0.999794118537047
PAL8C_2,3.44844351139757,1.21584462013878,1.31149192917406,0.927069845488476,0.353890271307113,0.999794118537047
PAL8C_3,7.67146280599682,1.47805423902765,1.18170829824288,1.25077757448721,0.211015638821866,0.999794118537047
PAL8C_4,6.74711703275031,0.805228050215855,0.892217190178204,0.902502282045279,0.366790109732432,0.999794118537047
PAL8C_5,18.2068963911087,0.204757333321584,0.701821940741395,0.291751114399873,0.770476924836926,0.999794118537047
PAL8D_CE,16.4819640348251,0.138565547405705,0.70980360321271,0.195216742741979,0.845223272401748,0.999794118537047
PAL9A_CE,11.6513991020739,-0.0657152243957512,1.02830186809029,-0.0639065496572463,0.949044637069571,0.999794118537047
PALNN1_CE,2.16954708619361,-0.632864755916868,1.43674746356492,-0.440484338386493,0.659586353061373,0.999794118537047
PALTA1_CE,8.65126734512232,0.380040210985844,0.904211638743221,0.420300065495804,0.674266262062248,0.999794118537047
PALTA2_CE,8.16789611144767,0.186547299203917,0.954984819584813,0.19534059115727,0.84512632194156,0.999794118537047
PALTA5_CE,168.447845454153,0.0527317075356707,0.323873639570438,0.162815682083945,0.870663560511955,0.999794118537047
PALTTAA1_CE,103.547296843974,0.0301008556870968,0.353236454571113,0.0852144655444586,0.932090890570631,0.999794118537047
PALTTTAAA1,39.2057362493778,-0.484307789481677,0.571126886526447,-0.847986324767867,0.396445586712836,0.999794118537047
PALTTTAAA2,58.535397082637,0.644431895757262,0.511271853619313,1.26044860712614,0.207507576398307,0.999794118537047
RC123,44.7333943319234,-0.215930454089559,0.51450115314905,-0.419688960399675,0.674712690846672,0.999794118537047
RC35,2.30126997634636,0.131526255363241,1.44530072166845,0.0910026912678819,0.927490452609317,0.999794118537047
RC35S,0.0828284721362844,0.0217489791440996,3.0428866095408,0.00714748261598276,0.994297182528313,0.999794118537047
RCC9,4.1794763586637,-0.846449935067969,1.35360272741851,-0.62533113883588,0.531753746907489,0.999794118537047
RCS5,21.9505488605729,-0.383687617773645,0.592858135151945,-0.64718285037163,0.517513609235202,0.999794118537047
SINE1_CE,8.16233337633682,0.0162555752941516,0.945740857587751,0.0171881918431798,0.98628648234329,0.999794118537047
SSU-rRNA_Cel,3442560.95240613,0.85937492625578,1.28159138941155,0.670552980736215,0.50250534450768,0.999794118537047
TC4,55.2152353587291,0.385231492573084,0.42550742982622,0.905346101078458,0.365282060385475,0.999794118537047
TC5,19.0620189314717,-0.481581655610068,0.857913271549056,-0.561340722402534,0.574565285731432,0.999794118537047
TC5A,68.0405310367799,0.706079244885267,0.717183087091963,0.984517423226307,0.324861169023979,0.999794118537047
TC5B,5.57528886806373,0.309741873897551,0.960759860594147,0.322392604647328,0.747155286039163,0.999794118537047
TIR21T5A_CE,13.3951518638294,-0.249138017113743,0.622896734385705,-0.399966805668745,0.689180965903719,0.999794118537047
TIR23T5A_CE,23.1102118058019,-0.767499421243904,0.798377212825106,-0.961324307501289,0.336389129649837,0.999794118537047
TIR54TA1_CE,14.2434707597853,0.0625155722797369,0.658472466450386,0.094940298136896,0.924362247781383,0.999794118537047
TIR9TA1A_CE,3.03769224039897,-0.587958329739997,1.39222911563567,-0.42231434692525,0.67279558754855,0.999794118537047
TIR9TA1B_CE,31.9450732036176,0.264048894143582,0.592059649057808,0.445983600746622,0.655609091924504,0.999794118537047
TIR9TA1C_CE,61.4418232804897,-0.400624523782093,0.653399006386963,-0.613139168970256,0.539784323001813,0.999794118537047
TIR9TA1_CE,25.9775584596272,-0.454315362136814,0.637948741782275,-0.712150259702004,0.476371734273168,0.999794118537047
TR5,0.300035465548612,2.5051118692636,3.036436448895,0.825017059117194,0.40936190573705,0.999794118537047
Tc1,33.434620636493,-0.434173948211508,0.876487190991233,-0.495356866220137,0.620348236479503,0.999794118537047
Tc1A,24.0189431055551,-0.0705407279723563,0.57438585745082,-0.122810697821536,0.902257002755688,0.999794118537047
Tc3,83.3900483753176,-0.34429017597573,0.443330258328951,-0.776599768473883,0.437394938187293,0.999794118537047
Tc6,27.53197821044,0.126271822899878,0.682848703743548,0.184919180790158,0.853292426345638,0.999794118537047
Turmoil1,23.989923925739,0.0978508719373832,0.603011664290001,0.162270280546886,0.871093017165613,0.999794118537047
Turmoil2,33.1933755738072,0.321151752995041,0.776518202608843,0.413579169060142,0.679182331487998,0.999794118537047
polypurine,30.7213041357345,0.460531531553032,0.595754429723926,0.773022420943548,0.439509111633391,0.999794118537047
polypyrimidine,11.8834999941967,-0.514848331800225,0.902593000900664,-0.570410286016484,0.568399454710029,0.999794118537047
(TTTTG)n,0,0,0,0,1,NA
