"","baseMean","log2FoldChange","lfcSE","stat","pvalue","padj"
"SSU-rRNA_Cel",3442560.95240613,-10.4661505387807,0.691960339553245,-15.125361874841,1.10193224828181e-51,2.64463739587634e-49
"LSU-rRNA_Cel",1760784.62530164,-7.56893307547728,0.671083049791731,-11.2786831344143,1.67230504685185e-29,2.00676605622222e-27
"CER7-I_CE-int",2226.08992471913,-5.0916355880204,0.5659031115554,-8.9973627712099,2.31204555895068e-19,1.84963644716054e-17
"Helitron1_CE",2426.762018961,-3.99253701315962,0.483948772003563,-8.24991661127766,1.58505090024947e-16,9.51030540149685e-15
"(TC)n",311.72976134314,2.18772270494328,0.318860026953634,6.86107545635189,6.83440490627787e-12,3.28051435501338e-10
"(GAA)n",315.042664841835,1.90450233515855,0.288458790427848,6.60233765916356,4.04724374066837e-11,1.61889749626735e-09
"(TCC)n",105.781496611933,3.54793318462153,0.561322362738371,6.32066958336238,2.60432350755472e-10,8.92910916875905e-09
"(TGG)n",419.082994057882,1.9082974500848,0.304413500260285,6.2687674773068,3.63917077288467e-10,1.0917512318654e-08
"TC5A",68.0405310367799,-3.20086225728893,0.554459557571832,-5.77294089997582,7.78997705756734e-09,2.07732721535129e-07
"(CGG)n",69.9375938292282,2.32341964934037,0.411094044737187,5.65179593108855,1.58780032420255e-08,3.81072077808612e-07
"CeRep55",237.067060365576,-3.57009887998036,0.686003172993733,-5.20420170128421,1.94832304627531e-07,4.25088664641886e-06
"(CAG)n",207.715808350068,1.57977673298956,0.318860594427683,4.95444329151136,7.25376671479582e-07,1.33915693196231e-05
"(GAAAA)n",18.8552269840331,3.95550871492647,0.797216000323512,4.96165244215033,6.9895982084562e-07,1.33915693196231e-05
"(CAA)n",421.688224872213,1.68749126581654,0.393187175678637,4.29182681989552,1.77209137621736e-05,0.000303787093065834
"Mariner2_CE",246.960906884332,-1.56750381843361,0.371706716900484,-4.21704464074366,2.47524988049736e-05,0.000396039980879578
"(CAAA)n",15.1308473961218,3.83707994298219,0.929337636738082,4.12883304333838,3.64609026893832e-05,0.000546913540340747
"(CCAA)n",20.9340185860031,4.15621864775209,1.05746193919327,3.93037185898419,8.48145861000093e-05,0.00119738239200013
"(TTC)n",147.592174356696,1.31229598629999,0.346990697439584,3.78193420164667,0.000155614499761279,0.00196565683908985
"CELE45",2986.18444021554,-1.56327654922856,0.412186399857549,-3.79264466214515,0.000149051367524445,0.00196565683908985
"(GA)n",181.648312863651,1.4237157475004,0.394827954826252,3.60591424719894,0.000311055851228217,0.0037326702147386
"(TTG)n",409.276500274491,1.41584554273352,0.399219021113798,3.54653828563425,0.000390328021681415,0.00446089167635903
"Turmoil2",33.1933755738072,2.5688519548682,0.733931660043028,3.50012418692715,0.000465041453606226,0.0050731794938861
"TC4",55.2152353587291,-1.36868697025034,0.394782887811702,-3.46693590960092,0.000526427392374699,0.00549315539869252
"TIR43YW1_CE",20.7274804914367,-3.21152138659643,0.941216700559904,-3.41209562546647,0.000644654944067936,0.00644654944067936
"(AATTG)n",20.1760459582201,3.12164055695275,0.92736742579782,3.36613134137981,0.00076230402492765,0.00731811863930544
"CERP4",57.2325935442286,-1.14830996618538,0.343730679550169,-3.34072584876084,0.00083559688234489,0.0077132019908759
"(ATG)n",454.605540410249,1.02865071570121,0.316661264225441,3.24842610041778,0.00116045348120082,0.0103151420551184
"(CTG)n",1404.18324515245,1.08950161779475,0.341763479056345,3.18788192583658,0.00143319047113041,0.0122844897525464
"LONGPAL2",18.1950089476262,-1.74235419964799,0.552485109290268,-3.15366725790356,0.00161232805919128,0.0133434046277899
"CER10-I_CE-int",86.7764534040371,-2.01378706848951,0.661504036938643,-3.0442551459082,0.00233257221397267,0.0176603924117902
"CER13-I_CE-int",6.78770869055365,-4.13754130104623,1.36397851366621,-3.03343583464891,0.00241786123611465,0.0176603924117902
"CeRep53",85.1986860534934,-1.83052663838212,0.599173920661416,-3.05508396687465,0.00224997520508686,0.0176603924117902
"Merlin1m_CE",4.97585544947888,5.70762482747214,1.88237806289032,3.03213522298933,0.00242830395662115,0.0176603924117902
"CELE6",19.3584709437807,-2.14546427224602,0.717542285832477,-2.99001789108066,0.00278961107289653,0.019128761642719
"CER16-LTR_CE",3.91104505654413,3.813977413036,1.27412063398822,2.9934193916141,0.00275870371694424,0.019128761642719
"(TTCTCC)n",3.25175930352215,3.67290657271628,1.25896290462313,2.91740650914236,0.00352955440836309,0.022894406973166
"CELE2",335.526556144819,-0.602632361583218,0.206180440669135,-2.92283962352318,0.00346855120705083,0.022894406973166
"CEMUDR1",75.4772461702691,-1.05853277394142,0.385058913598707,-2.74901511576117,0.00597746295888909,0.037752397635089
"CELE46A",165.067685448131,-0.769106944987514,0.290051437669212,-2.65162259207499,0.00801060267021448,0.0492960164320891
"PAL5A_CE",85.6180320338149,-1.14230495117226,0.441283815822318,-2.5885947098323,0.00963684422897165,0.0578210653738299
"RTE1",201.448857540407,0.991472288737616,0.384600271589063,2.57792924753049,0.0099394346933703,0.0581820567416798
"(T)n",12.7878464397933,-1.9296190507064,0.753554622446993,-2.56068902402909,0.0104464817459717,0.0596941814055524
"PALTA4_CE",4.41371442659546,-4.04393899093134,1.59443416320972,-2.53628471105421,0.0112035606606578,0.0625315013618109
"PALTA3_CE",34.4970853570556,-1.5232734370169,0.60896472257031,-2.50141491051812,0.0123698163391518,0.0674717254862823
"(CCCCAG)n",831.774419119078,1.08656189199176,0.438421665449936,2.47834899052414,0.0131991970771956,0.0688653760549334
"(TCCA)n",21.2332907712786,-2.25028097432874,0.906420172312193,-2.48260248730838,0.0130426543042123,0.0688653760549334
"Mariner3_CE",59.0796826657254,-1.54291880026698,0.648902753595077,-2.37773501764145,0.0174193386295454,0.0889498142785295
"CELE42",180.257586952194,-0.868975713138795,0.369073272205476,-2.35448020374395,0.0185486316660323,0.091691579584485
"LINE2A_CE",24.4592164546612,-1.57491189948375,0.669875098323345,-2.35105305963105,0.0187203641651657,0.091691579584485
"PAL8B_CE",1.43027507414899,4.23870155584568,1.81967300527707,2.32937541171046,0.0198391864951403,0.0952280951766733
"CER8-I_CE-int",18.648809470687,-2.20193768254537,0.95393939144442,-2.30825742420729,0.020984822965095,0.0984423224833065
"TC2",15.0510229531318,-1.79807649969909,0.783512659680987,-2.29489144493363,0.0217393462150635,0.0984423224833065
"Tc6",27.53197821044,-1.63648810317996,0.711795931055667,-2.29909729991415,0.0214994148023549,0.0984423224833065
"(CGA)n",37.4253275660425,1.80118969488255,0.791249246935304,2.2763872469503,0.022822842296509,0.101434854651151
"(GGATG)n",8.38168615692974,-2.30712242107166,1.02355513195053,-2.25402848274046,0.0241943761821382,0.105575459703876
"CERP2",31.1423301386505,-1.00985218402874,0.45235915510237,-2.23241239320161,0.0255877194675562,0.109661654860955
"(TTTG)n",2.13733929275571,4.42144256574414,1.98706484922755,2.22511236483446,0.026073695884832,0.109783982672977
"(G)n",14.7132205151348,-1.69111553577909,0.767475707379991,-2.20347760784796,0.0275611035204408,0.11211296347298
"(TA)n",30.2101135232375,1.2124023732665,0.548804754813037,2.209168857656,0.0271628981347515,0.11211296347298
"(CAT)n",511.312071231245,0.607717240921305,0.282086324496434,2.15436619271129,0.031211465635244,0.12361422255328
"(GGA)n",57.53551594502,0.96210942167592,0.447132939235967,2.15173013940756,0.0314186148989586,0.12361422255328
"PALTTTAAA3",39.558176914703,-1.66927380327075,0.782309835496298,-2.13377581046487,0.0328611369137464,0.127204400956438
"Helitron2_CE",105.101557615953,-1.19282210773684,0.563422886110673,-2.1170991401697,0.0342514346605783,0.130481655849822
"CERP16",73.5931899105779,-0.822644141795506,0.390259774166446,-2.10793988069251,0.0350361900172027,0.13138571256451
"HelitronY4_CE",129.255552277536,0.835852491649769,0.405272180243299,2.06244724507855,0.0391651752333231,0.144609877784577
"LONGPAL3",44.3751506317141,-1.3818617054468,0.685061908710353,-2.01713405442173,0.0436815256637405,0.158841911504511
"(GAAA)n",4.13910785642104,2.51937406116108,1.26746739497467,1.98772297508404,0.0468423365034726,0.167793444191544
"(CAATC)n",5.22358664541032,-3.06494550134547,1.55917399068304,-1.9657495056102,0.049327553177874,0.17233220926743
"Chapaev-1_CE",86.6978455246071,0.645505920293489,0.329724292062105,1.95771417464111,0.0502635610363337,0.17233220926743
"PALTA1_CE",8.65126734512232,-1.94427159061465,0.992210875608428,-1.95953464975116,0.0500502061226515,0.17233220926743
"MSAT1_CE",2.67779090847933,2.94760212151351,1.51612734435006,1.94416526586499,0.0518755248987208,0.175353886981591
"AT_rich",11459.1960218515,-0.586215045076925,0.306596377012652,-1.91200904194877,0.0558750343050938,0.186250114350313
"LINE2C_CE",32.455251700933,-1.41145508826839,0.744918785899629,-1.89477714213342,0.0581219326984898,0.191085806132021
"(CCCCAA)n",6.45094442653137,-5.9965374218638,3.37957486605254,-1.77434667362997,0.0760058247315086,0.230903771336229
"(GATTG)n",2.32450418795856,-3.47625784035327,1.94079467827398,-1.79115177883981,0.0732689419606594,0.230903771336229
"(TTTTTG)n",1.89992545419593,3.10648782489025,1.74838952515829,1.77677101137346,0.0756059232408103,0.230903771336229
"CEMUDR2",44.3585050397237,1.70942652884913,0.956508876124436,1.78715176776545,0.0739129624165912,0.230903771336229
"CER12-LTR_CE",2.91056354473462,3.25540407994449,1.83007043421712,1.77884086813145,0.0752658548529443,0.230903771336229
"CER15-I_CE-int",11.468292945472,1.20437158157915,0.667534565556761,1.80420856645025,0.0711986169194465,0.230903771336229
"CT-rich",2590.77808562934,0.512107650064127,0.2914788422708,1.756929065844,0.0789299006501659,0.236789701950498
"PALTA5_CE",168.447845454153,-0.569628255542082,0.32991861481231,-1.72657203918652,0.0842445511333622,0.249613484839592
"CeRep1A",46.6502896309853,1.27470412128587,0.743622173119673,1.71418250741258,0.0864952124784735,0.253156719449191
"PALTTAA3_CE",127.835329903093,-0.436302182472895,0.260166786329145,-1.67700953926116,0.0935406164902343,0.270478891056099
"(CCCGAA)n",23.8631830349112,0.977241014541091,0.59143455428063,1.6523231648677,0.0984686894613742,0.281339112746783
"(TTTC)n",2.94413504834575,2.17268126172557,1.36312149882566,1.59390139734232,0.110958121425035,0.307732448064776
"G-rich",10.5250894231152,1.61825265075401,1.01416242686999,1.59565431323306,0.110565994120053,0.307732448064776
"PAL8D_CE",16.4819640348251,-1.22022781671606,0.766835351598059,-1.59125138685005,0.111553012423481,0.307732448064776
"CER16-2-LTR_CE",2.20596736501954,-3.7174174708175,2.37918597365435,-1.56247452363199,0.118176242969439,0.322298844462107
"(CCTA)n",31.0133534485701,-0.711214547130145,0.468812632598057,-1.51705499740643,0.129252799041161,0.337181214889985
"(CTAGGG)n",3.7753461155423,-2.4569494839028,1.61086867102887,-1.52523264502595,0.127201080862354,0.337181214889985
"(GCCTAA)n",93.7489402939784,-0.603806666030205,0.397557015983435,-1.51879263037673,0.128814701508361,0.337181214889985
"(TTTTTA)n",1.58073265241842,4.07279923472096,2.68446993769046,1.51717073733555,0.129223582395442,0.337181214889985
"CER3-1-LTR_CE",7.88129139880543,-1.55845263099691,1.03603239090841,-1.50425087542914,0.132516782621531,0.337265006767532
"HAT4_CE",10.9097315155877,-1.58857120191665,1.05873763341636,-1.50043896785894,0.133500731845481,0.337265006767532
"Tc1",33.434620636493,-1.40211826128263,0.933474669538879,-1.50204210894683,0.133086234169325,0.337265006767532
"CELE14B",342.233882687077,-0.429215482762016,0.289403931350791,-1.48310176976054,0.138047373894975,0.345118434737437
"(C)n",107.105834979255,-1.23165789609212,0.83511873412846,-1.47482968080879,0.140258339389308,0.347030942818907
"CELE1",161.429292622619,-0.360989648291064,0.246736278644791,-1.46305865628603,0.14345132947616,0.351309378308963
"LINE2D_CE",18.1840717982119,-1.46952765576678,1.00989077729457,-1.45513523720213,0.145631825676491,0.353046850124826
"(CCTAA)n",3.62204555172505,-2.71588602612127,1.88897594742929,-1.43775574793174,0.150503369260521,0.357969806782258
"CER9-I_CE-int",62.8957207934,1.16865995176311,0.814066583389349,1.43558275896477,0.151121103596334,0.357969806782258
"RC123",44.7333943319234,-0.781978013192411,0.546065166086787,-1.43202324879322,0.15213716788246,0.357969806782258
"GC_rich",18.3812315293868,1.04766665570492,0.736967065002227,1.42159223316411,0.155144660813079,0.361502122282903
"(TTTA)n",2.94478819089182,-1.88967613644884,1.34678537902448,-1.40310116658498,0.160586673360059,0.370584630830906
"PAL8C_5",18.2068963911087,-1.08239169355206,0.782919929251667,-1.38250624758861,0.166816313502439,0.381294430862719
"CERP3",148.309503523805,0.510988591068698,0.374104239660831,1.3658989578198,0.171970679911065,0.389367577157127
"CER9-LTR_CE",18.5169210337821,-1.37917518489865,1.01518517220257,-1.35854543847046,0.174290674697176,0.390932354460954
"CER12-1-LTR_CE",3.76050557433382,2.05436404727357,1.53915758436349,1.33473275780475,0.181963828171666,0.404364062603702
"MAR_CE",43.081787272448,-0.872929122832645,0.6597767158442,-1.32306748915156,0.185812935109375,0.409129398405962
"(CA)n",69.3620173922921,0.781398981670769,0.60107144163362,1.30001016110006,0.1935974866074,0.414851757015857
"(CACCAT)n",29.6728357286154,0.604459378902205,0.464771311945985,1.30055225734857,0.19341175798105,0.414851757015857
"LINE2H_CE",14.1358980094483,-1.34046735011551,1.02580451503598,-1.30674736800948,0.19129852556334,0.414851757015857
"(CCA)n",431.78391708327,0.342846292027246,0.267176894629897,1.28321834304635,0.19941559131682,0.41512358178648
"CELE46B",98.7186556408622,-0.402001687793451,0.314132141859129,-1.27972160191658,0.200643064530132,0.41512358178648
"CER15-1-I_CE-int",12.4778192298251,-1.4703311166537,1.1359822469058,-1.29432578780048,0.195552912608428,0.41512358178648
"CeRep56",5.61903845366029,1.27793460504978,0.99839432752392,1.27998984952082,0.200548705803437,0.41512358178648
"CeRep3",21.7988070585894,-1.09819503332888,0.863082620967199,-1.27241008757447,0.203227451780862,0.416876824165871
"CER16-I_CE-int",5.28100220523502,1.93410959519912,1.53221220932645,1.26229877521296,0.206841297260238,0.420694163919129
"NDNAX3_CE",61.1415799784009,0.694142747546498,0.553262948925942,1.25463443538746,0.20961149681198,0.422745875923321
"CER1",44.9825683725975,0.86344738904735,0.694883032369555,1.24257946852291,0.214022839620879,0.424680235995585
"PALTTTAAA2",58.535397082637,-0.686817055135513,0.552839617748543,-1.24234413216006,0.214109618981107,0.424680235995585
"(ATGGTG)n",24.0927856275754,1.21090983987308,0.984810606363944,1.22958651343523,0.218851982887949,0.430528490927112
"TIR9TA1B_CE",31.9450732036176,-0.798634480786987,0.659043345560322,-1.2118087318035,0.225585605068492,0.440167034279984
"(CATCC)n",4.83247706360823,-1.32949485095537,1.12063039570581,-1.18638121547472,0.235471786542425,0.445467965835006
"(TGGA)n",12.1832172650354,-1.30329826322995,1.09914761052639,-1.18573542875265,0.235726798587691,0.445467965835006
"CER17-I_CE-int",7.61325426678345,-1.46242153812764,1.22493153923563,-1.1938802221063,0.232524825094705,0.445467965835006
"PAL8A_CE",3.92950061899935,-1.94514648020395,1.6377761628715,-1.18767541273378,0.234961314193517,0.445467965835006
"TC5",19.0620189314717,-1.1333331782829,0.963496094682514,-1.17627168863237,0.23948632533418,0.449036860001588
"MINISAT1_CE",101.860843962928,-0.392885666353783,0.335399822871439,-1.17139497269317,0.241440052094496,0.449190794594411
"HAT1_CE",83.2505928754273,-0.390181011617557,0.338779221673898,-1.1517265128885,0.249433473859892,0.460492567125955
"(TTGGGG)n",1.99459040742184,1.96795994224825,1.72188083617715,1.14291297103778,0.253074726525743,0.463648353940292
"(TG)n",186.065484402313,0.43337198016891,0.380753329232927,1.13819616769206,0.255038578576068,0.463706506501941
"NDNAX1_CE",14.0409583366518,1.0517540199612,0.93758541055638,1.12176875633876,0.261960773754234,0.472711170684333
"(TTGG)n",407.517579926157,0.683281831186619,0.614813892632021,1.1113636815549,0.266411838546791,0.477155531725596
"A-rich",314.011276396276,0.313002319076705,0.283044082570319,1.10584300591744,0.268794477082798,0.477856848147197
"NPALTA1_CE",16.0365571677394,-0.796118468680778,0.725737745425661,-1.09697817661921,0.272650932143671,0.481148703782948
"PAL8C_1",3.86872635065772,-1.46502932379135,1.35794038396833,-1.07886129692238,0.28064956444293,0.491648872016811
"PAL9A_CE",11.6513991020739,-1.24550828087903,1.16199915276006,-1.07186677195126,0.283779876689741,0.493530220329984
"IR3_CE",28.0903967857326,-0.464161629156781,0.438041405311725,-1.05962957731466,0.289313152236962,0.495965403834793
"RCC9",4.1794763586637,1.51828406138828,1.42733184917228,1.06372184034759,0.287454727512517,0.495965403834793
"CER12-I_CE-int",13.2929527846988,-1.29950535874168,1.25377520290897,-1.03647396736401,0.29998107822485,0.510606090595489
"(CAATA)n",1.38863513979808,-2.39529817538979,2.33019953766955,-1.02793693701671,0.30397949313911,0.513768157418214
"PALNN1_CE",2.16954708619361,1.647340980243,1.62379168528404,1.01450265768225,0.310342961906338,0.520855320681965
"CER8-LTR_CE",2.5323068724514,-1.850930807362,1.83929158820092,-1.00632809894622,0.314257768102682,0.523762946837803
"(ACTAG)n",4.75887043737828,1.81766804965554,1.8315140407731,0.992440139245824,0.320982866687456,0.531281986241306
"C-rich",8.37560810904159,1.10636370775983,1.16812733585295,0.947125945778825,0.343574605072119,0.564780172721291
"TC5B",5.57528886806373,-1.04580075176272,1.11596164023253,-0.937129659353537,0.348691866649238,0.56929284350896
"HelitronY2_CE",50.7026325695902,0.64100864192232,0.696358201858518,0.920515677436592,0.357303344254012,0.575522165241361
"SINE1_CE",8.16233337633682,-0.997111458558682,1.08238233552811,-0.921219264052543,0.356935962618944,0.575522165241361
"CELE7",71.1329259191654,-0.44125961933583,0.486160707480551,-0.907641470291967,0.36406767654085,0.578650611720557
"RCS5",21.9505488605729,0.604687981785136,0.664392454270788,0.910136739058571,0.362750401360959,0.578650611720557
"(TTA)n",15.419087280691,0.527432597564931,0.585001141593423,0.901592424466579,0.367273416705854,0.579905394798716
"(TAG)n",26.9865163884985,0.515572438644075,0.577535488252972,0.892711269057537,0.372011813977573,0.581272461244217
"PALTTTAAA1",39.2057362493778,-0.566680484193856,0.636076877352429,-0.890899361964824,0.372983162631706,0.581272461244217
"PAL8C_4",6.74711703275031,-0.913744089747475,1.03243892198693,-0.885034523871852,0.376138011442863,0.582407243524433
"PAL8C_3",7.67146280599682,1.09002767165964,1.26959940428139,0.858560320667926,0.390583137510013,0.60089713463079
"CER11-I_CE-int",9.59727353497835,1.31609684643128,1.57068722950866,0.837911470664326,0.402080426006944,0.614645237208067
"LINE2E_CE",22.2398738760756,-0.776053849516682,0.938785404309246,-0.826657344643848,0.408431304678423,0.62040198179001
"(CCG)n",22.0678849875388,-0.557065012220376,0.690583461027888,-0.806658490475897,0.419863265344312,0.62139703655001
"(TTTTC)n",4.75370458583587,1.10571809046242,1.37715429096838,0.802900660960005,0.422032153990215,0.62139703655001
"CELE14A",66.5063521062662,-0.377243969939822,0.465242182686529,-0.810855042768127,0.417448920546293,0.62139703655001
"HelitronY1_CE",81.1033123415007,0.387782060423217,0.479527405026762,0.808675492491561,0.418701828541045,0.62139703655001
"LR9A",45.4581156064378,-0.461192589863373,0.570780495908606,-0.808003414919102,0.419088616283591,0.62139703655001
"GA-rich",2314.48541238717,0.225947143257863,0.289390314563218,0.780769541644436,0.434938051178682,0.636494709041974
"NTC2A",16.3328807479865,0.549906767251684,0.73611205905219,0.747042193493933,0.455038092028491,0.661873588405077
"(CCTG)n",46.0804625659066,-0.45308997168077,0.610812725447232,-0.74178214173423,0.458219342223652,0.662485795986003
"HATN1_CE",2.08207544179784,-1.52524323727054,2.07935611207276,-0.733517086570676,0.463243110369472,0.665738601728582
"(GGAGAA)n",1.79047277902299,-1.63304333914877,2.36600783166252,-0.690210453784205,0.490061850294176,0.700088357563108
"LINE2G_CE",41.9078031299071,-0.365546773879469,0.538249246608993,-0.679140335416053,0.497048947390911,0.705868327655731
"PALTTAA1_CE",103.547296843974,-0.265493517616829,0.395013516636686,-0.672112488396232,0.501512086735843,0.708017063627073
"TIR9TA1_CE",25.9775584596272,0.462824180211469,0.702378309857979,0.658938600061628,0.509935197487348,0.71569852278926
"NPAL0A_CE",1.72734314717679,-1.31297947432608,2.06424651828275,-0.636057497346949,0.524738946763236,0.732193879204516
"CeRep5",106.243051945039,0.185379340344569,0.296272512371911,0.625705499509393,0.531508125400802,0.736714800226658
"PALTA2_CE",8.16789611144767,-0.687882319450948,1.10639717408744,-0.621731811651015,0.534118230164327,0.736714800226658
"IR1_CE",7.55603944138027,-0.588622307894851,0.960197729452149,-0.613021974370524,0.539861810030613,0.740381910899126
"TIR9TA1C_CE",61.4418232804897,-0.429602071259055,0.718152347172701,-0.598204646897498,0.549703391185842,0.749595533435239
"CELE11",82.8976263793044,-0.229801663775395,0.388195981080943,-0.591973320113995,0.55386845430533,0.751008073634346
"PALTTAA2_CE",71.830960637941,-0.191997737525294,0.328560699993409,-0.584360020931125,0.558978118374049,0.753678361852651
"(CATATA)n",2.80475487764694,0.897902193758803,1.58705686750646,0.565765608115584,0.571553128662898,0.766328217201651
"CERP1",1.71639742954053,1.18171791125979,2.2273698913905,0.530544080634074,0.595734754805452,0.791984280165991
"LINE2F_CE",12.7248575359411,0.532600040882076,1.00813117848329,0.5283043042904,0.597288144625185,0.791984280165991
"LONGPAL1",4.03826818245857,0.664690369659995,1.2853685028195,0.51712047416906,0.605072062036255,0.79353713053935
"TIR21T5A_CE",13.3951518638294,-0.359613443100405,0.692632543500534,-0.519198017007596,0.603622661740605,0.79353713053935
"CeRep4",21.0438222557538,-0.413595267341599,0.826677738745228,-0.500310154679348,0.61685670497116,0.800546811091849
"IR4",20.9388740910245,-0.364005326033825,0.728037719644953,-0.499981410594141,0.617088166883301,0.800546811091849
"(CATTC)n",2.56039734877609,-0.901086283860498,1.85662140800643,-0.4853365796466,0.62743761166663,0.80602448633432
"HAT2_CE",14.1202126451343,0.432227943380594,0.892101860733342,0.484505147232051,0.628027412268825,0.80602448633432
"LINE2C1_CE",51.549982601032,-0.311823882395273,0.679133646538223,-0.459149512006578,0.646126803623797,0.824842728030379
"(CAGAGA)n",9.34476801172101,0.571799262760509,1.30506616720458,0.438138139758301,0.661286148125477,0.826549495108195
"CER16-2-I_CE-int",19.317716337796,-0.441569670852974,0.985039265642898,-0.448276212182037,0.653953866135104,0.826549495108195
"HelitronY3_CE",18.7619171974784,-0.352649099719199,0.822564074202722,-0.428719306834556,0.668127508545791,0.826549495108195
"Mariner5_CE",13.1318240284973,0.439188795419824,0.99178046007833,0.442828643130494,0.657889683736491,0.826549495108195
"polypurine",30.7213041357345,-0.294531612172881,0.684957750454031,-0.429999678049701,0.667195875386337,0.826549495108195
"polypyrimidine",11.8834999941967,-0.441390221305415,1.00962277461985,-0.43718330489485,0.661978416406888,0.826549495108195
"(CTA)n",14.7141159540804,0.314462281768011,0.786920054168462,0.399611472731246,0.689442704993512,0.827416285979836
"(TAA)n",14.7808788209039,-0.275341180927099,0.668484827174461,-0.411888452413955,0.680421185092293,0.827416285979836
"CELE12B",6.16837171938823,0.415939460223962,1.00312708721969,0.414642835911048,0.678403385149856,0.827416285979836
"CER5-I_CE-int",10.962780226414,-0.551180181893395,1.37962230195245,-0.399515273936468,0.689513571649863,0.827416285979836
"T-rich",1474.75548809224,-0.136676971102666,0.336163174336572,-0.406579249414817,0.684317040323835,0.827416285979836
"Tc1A",24.0189431055551,-0.263779288193673,0.65025657161893,-0.405654167457234,0.684996722678489,0.827416285979836
"PAL8C_2",3.44844351139757,-0.554235179237396,1.47711849482137,-0.375213756499894,0.707501500140455,0.840595841751036
"TIR54TA1_CE",14.2434707597853,-0.288076452780315,0.761947147162868,-0.378079311475837,0.705371676691959,0.840595841751036
"CER2-LTR_CE",3.16074993790521,-0.678957410923896,1.84939482906038,-0.367124099329754,0.713526451841367,0.843578071142503
"(TATAA)n",1.50651111081114,-0.882817188540003,2.43903458330644,-0.361953534641246,0.717386753435166,0.843984415806077
"LTRCER1",2.13046806648943,-0.573743890734115,1.63863159636495,-0.350135986640852,0.726236644729138,0.850228266999967
"Chapaev-2_CE",29.1147741505083,0.176768559146543,0.521290189799317,0.339098188697152,0.734535762899632,0.85576982085394
"HelitronY1A_CE",215.057003251933,0.100413198023662,0.307625930303726,0.326413309581937,0.744111668921395,0.860165773821173
"TIR23T5A_CE",23.1102118058019,-0.293396465927327,0.903845712867732,-0.324609014293419,0.74547700397835,0.860165773821173
"Tc3",83.3900483753176,-0.153159904783008,0.49381811649971,-0.310154487382194,0.756443478821141,0.868643229268296
"MARINCE1",20.007505232506,-0.280560982339886,0.936308074910176,-0.299646013804593,0.764447181997582,0.873653922282951
"(GAATG)n",1.60873490826325,0.57635281769048,2.07591308251377,0.277638222209459,0.781290088108403,0.88564660670149
"CER7-LTR_CE",2.08062347400708,-0.510625277688682,1.84811339899037,-0.276295425360608,0.782321169252983,0.88564660670149
"(CAGG)n",63.6873283020258,-0.113797741103385,0.43673147580426,-0.260566841201042,0.794426563389994,0.886801745179528
"LTR1_CE",10.2673607219743,0.253134219202032,0.958595923785921,0.264067698308473,0.791727753692099,0.886801745179528
"Turmoil1",23.989923925739,0.183480559571482,0.685636856317404,0.267606033545173,0.789002586210583,0.886801745179528
"(TTAGGC)n",85.2482544960848,-0.0903587013615707,0.363393797979299,-0.248652293638534,0.803629754077401,0.887120128217651
"CELE4",87.0604219776946,-0.0974359296408295,0.396327741341698,-0.245846857227246,0.805800783131033,0.887120128217651
"NDNAX2_CE",28.4474076477411,0.179498949856589,0.710143464091273,0.252764348238116,0.800450319223252,0.887120128217651
"NPAL5A_CE",13.5480382615889,0.209234189048843,0.874110311883234,0.239368173792684,0.810820106382524,0.888569979597287
"(TAAAAA)n",3.20339403167233,0.319163940787392,1.36804579521847,0.233299164328357,0.815529107474312,0.889668117244703
"(TATG)n",3.11935164628947,-0.374603655861048,1.72568611288111,-0.217075198707852,0.828149741696362,0.899348135778855
"(CTGGGG)n",24.8729101861899,0.141658213790548,0.767294095665746,0.184620492443172,0.853526711600201,0.922731580108325
"(TAGG)n",24.017919683672,-0.157873317713008,0.947280956336006,-0.166659444230408,0.867638017968156,0.933780826512813
"CeRep52",37.1254545475566,0.0983049008697976,0.608180964682693,0.161637582526257,0.871591259882121,0.93384777844513
"(TCG)n",9.17411732910034,-0.169848127078037,1.09459625075208,-0.155169659096985,0.876687567075443,0.935133404880473
"LINE2B_CE",11.8094485017677,-0.178060865015981,1.27941537258323,-0.139173616975122,0.88931295619028,0.944403139317112
"(A)n",20.7076715443055,0.0432916528214385,0.476057584985301,0.0909378490897801,0.92754197554906,0.963339635431922
"CER2-I_CE-int",18.9113695449912,-0.104658326356936,1.08499478157151,-0.096459750898846,0.923155438945897,0.963339635431922
"CER3-I_CE-int",9.27284090796445,0.145668767091709,1.32623539025691,0.109836284087918,0.912539214578617,0.963339635431922
"CER6-I_CE-int",5.31069127815036,0.166173271891878,1.81047509760368,0.0917843455078852,0.926869382030512,0.963339635431922
"HAT3_CE",14.3576600620328,0.0566687569259914,0.648918991490086,0.0873279371834461,0.930410848181893,0.963339635431922
"PAL3A_CE",19.0743949012288,-0.0678477140306138,0.786188710047335,-0.0862995272808342,0.931228314250858,0.963339635431922
"CELE12A",16.6282953235586,0.0453383191867114,0.70989238103155,0.0638664682114632,0.949076552239172,0.96926967037192
"LTR2_CE",4.55441363674494,0.100640011638625,1.47951450471806,0.0680223217262769,0.945767865268202,0.96926967037192
"TIR9TA1A_CE",3.03769224039897,0.114971831358553,1.62250096697111,0.0708608707785134,0.943508485650574,0.96926967037192
"DNA-3-1_CE",14.531787107133,-0.0343361902642322,0.731160988969409,-0.0469611901923678,0.962544159121891,0.978858466903618
"CELETC2",30.5738773212389,-0.0302585939694102,0.764138746311257,-0.0395982982350759,0.968413384188189,0.980671781456394
"CER16-1-LTR_CE",3.05967142536763,-0.0309800143007147,1.92310230039579,-0.0161093948534817,0.987147118479056,0.993094154068493
"RC35",2.30126997634636,0.0235571439113907,1.70189485105658,0.0138417152486041,0.988956261759874,0.993094154068493
"(TTCA)n",2.1757717279482,-0.00298777750089533,1.39841326034205,-0.00213654831917464,0.998295282379681,0.998295282379681
