RepeatSuperfamily,rDNAdel.ESC134_L1_0hr_rep1__fsp_bt2.ce10_sbl_sSR.bam,rDNAdel.ESC134_L1_rep1__fsp_ht2.ce10_sbl_sSR.bam,rDNAdel.ESC134_L1_rep2__fsp_ht2.ce10_sbl_sSR.bam,rDNAdel.ESC190_L1_rep1__fsp_ht2.ce10_sbl_sSR.bam,rDNAdel.ESC190_L1_rep2__fsp_ht2.ce10_sbl_sSR.bam,rDNAdel.ESC190_L1_rep3__fsp_ht2.ce10_sbl_sSR.bam,rDNAdel.ESC190_L1_rep4__fsp_ht2.ce10_sbl_sSR.bam,rpoa.2.degron_auxin.0mM_18hr_rep1__fsp_ht2.ce10_sbl_sSR.bam,rpoa.2.degron_auxin.0mM_18hr_rep2__fsp_ht2.ce10_sbl_sSR.bam,rpoa.2.degron_auxin.0mM_24hr_rep1__fsp_ht2.ce10_sbl_sSR.bam,rpoa.2.degron_auxin.0mM_24hr_rep2__fsp_ht2.ce10_sbl_sSR.bam,rpoa.2.degron_auxin.0mM_24hr_rep3__fsp_ht2.ce10_sbl_sSR.bam,rpoa.2.degron_eft3p.TIR1_auxin.1mM_24hr_rep1__fsp_ht2.ce10_sbl_sSR.bam,rpoa.2.degron_eft3p.TIR1_auxin.1mM_24hr_rep2__fsp_ht2.ce10_sbl_sSR.bam,rpoa.2.degron_eft3p.TIR1_auxin.1mM_24hr_rep3__fsp_ht2.ce10_sbl_sSR.bam,wt.N2_L1_rep1__fsp_ht2.ce10_sbl_sSR.bam,wt.N2_L1_rep2__fsp_ht2.ce10_sbl_sSR.bam,wt.N2_L1_rep3__fsp_ht2.ce10_sbl_sSR.bam,wt.N2_L1_rep4__fsp_ht2.ce10_sbl_sSR.bam
(A)n,628,13,27,39.09,13,55,44,12,5,6,4,13.08,27,21,65,23.52,46.3,15,42
(AAATG)n,176,0,0,0,0,0,0,0,0,0,0,0,1,3,4,0,0,0,0
(AACTG)n,44,0,0,0,0,0,0,0,0,0,0,0,0,0,0,0,0,0,0
(AAGTG)n,7,0,0,0,0,0,0,0,0,0,0,0,0,0,0,0,0,0,0
(AATAG)n,1809,0,0,0,0,0,0,0,0,0,0,0,0,0,1,0,0,0,0
(AATTG)n,101,8,2,0,0,14,11,23,21,28,4,18,44,12,41,9,0,0,3
(ACCG)n,15,0,0,0,0,0,0,0,0,0,0,0,0,0,0,0,0,0,0
(ACTAG)n,724109,0,0,0,0,0,21,6,2.99,0,0,1,0,4.78,2.74,0,0,12,22
(ACTCG)n,43,0,0,0,0,0,0,0,0,0,1,0,0,0,0,0,0,0,0
(ACTG)n,32,0,0,0,0,0,0,0,0,0,0,0,0,0,0,0,0,0,0
(ACTTG)n,136,0,0,0,0,0,0,0,0,0,0,0,0,0,0,0,0,0,0
(AGCTG)n,1410,0,0,0,0,0,0,0,0,0,0,0,0,0,0,0,0,0,2.54
(AGGGGG)n,42,0,0,0,0,0,0,0,0,0,0,0,0,0,0,0,0,0,0
(AGGTG)n,122,0,0,0,1,0,0,0,0,0,0,1,0,1,2,0,0,0,0
(AGTAG)n,96,0,0,0,0,0,0,0,0,0,0,0,0,1.75,2.25,0,0,0,0
(AGTTG)n,7,0,0,0,0,0,0,0,0,0,0,0,0,0,0,0,0,0,0
(ATAGG)n,1939,0,0,0,0,0,0,0,0,0,0,0,0,0,0,0,0,0,0
(ATATG)n,54,0,0,0,0,0,0,0,0,0,0,0,0,0,1,0,0,0,6
(ATCTG)n,1901,0,0,0,0,0,0,0,0,0,0,1,1,0,3,0,0,0,8
(ATG)n,3373,90,367,595,752,420,1042,164,101,252,63,596,1147,1526,1773,1284,2054,64,609
(ATGGTG)n,348,0,6,0,0,12,119,10,7,9,1,7,37,44,52,277,170,6,4
(ATTCG)n,6910,0,0,0,0,0,0,0,0,0,0.88,0,0,0,0,0,0,0,0
(ATTG)n,670,2,0,0,0,0,0,0,0,0,0,0,0,0,0,0,0,0,0
(ATTTG)n,54,0,0,0,0,0,0,0,0,0,0,0,0,0,0,0,0,0,0
(C)n,529,142.09,174.62,28.71,42.01,398.03,349.57,31.17,17,19.5,23.17,27.81,36.25,45.16,35.87,5,13.42,171.44,319.18
(CA)n,21774,12,4,122.5,38.82,93.33,300.83,23.32,23.42,54.2,10,76.01,46,115.22,129.62,512,285,3,149.67
(CAA)n,11968,69,245,292.26,297,280,928,252,202,294,60,463,876,959,1243,1672,1815,54,374
(CAAA)n,65,5,5,0,0,0,4,11,8,31,4,30,48,16,44,0,0,0,3
(CAAAA)n,246,0,0,0,0,0,3,0,0,0,0,1,0,0,3,0,0,1,0
(CAAAAA)n,89,0,0,0,0,0,0,0,0,0,0,0,0,0,0,0,0,0,0
(CAAAT)n,46,0,0,0,0,0,0,0,0,0,0,0,0,0,3,0,0,0,0
(CAACG)n,2941,0,0,0,0,0,0,0,0,0,0,2,0,4,0,0,0,0,0
(CAAGA)n,57,0,0,0,0,0,0,0,0,0,0,1,0,0,0,0,0,0,0
(CAAGG)n,664,0,0,0,0,0,0,0,0,0,0,0,0,0,2,0,0,0,2
(CAAGT)n,53,0,0,0,0,0,0,0,0,0,0,0,0,0,0,0,0,0,0
(CAAT)n,126,0,0,0,0,0,0,1,0,0,1,1,2,2,3,0,9,0,0
(CAATA)n,787,0,7,0,0,0,38,0,0,0,0,1,1,1,0,0,0,0,11
(CAATC)n,1370,1,0,40,2.94,19.73,2,0,0,0.5,0,0,3,0,0.5,0.11,1,14.48,58.61
(CAATT)n,308,0,0,0,0,32,5,0,0,0,0,0,0,0,0,9,0,0,0
(CACAA)n,53,0,0,0,0,0,0,0,0,0,0,0,0,0,0,0,0,0,0
(CACCAT)n,539,4,19,48,32,94,89,9,9,32,4,49,55,41,66,70,33,10,47
(CACCG)n,22,0,0,0,0,1,0,0,0,0,0,0,0,0,0,0,0,2,0
(CACGC)n,18,0,0,0,0,0,0,0,0,0,0,0,0,0,1,0,0,0,0
(CACTG)n,38,0,0,0,0,0,0,0,0,0,0,0,0,0,0,0,0,0,0
(CAG)n,1903,71,79,317,176,154,345,114,93,151,50,242,502,475,661,446,620,27,166
(CAGA)n,18463,0,0,0,0,4,3.99,2.99,0,0,0,2,1,3.66,1.04,0,8,0,0
(CAGAC)n,43,0,0,0,0,0,0,0,0,0,0,0,0,0,0,0,0,0,0
(CAGAG)n,127,0,0,0,0,0,0,0,0,0,0,0,0,0,0,0,0,0,0
(CAGAGA)n,174,0,4,0,26,15,34,2,0,1,0,4,36,28,58,98,0,1,0
(CAGAT)n,19,0,0,0,0,0,0,0,0,0,0,0,0,0,0,0,0,0,0
(CAGC)n,47,0,0,0,0,0,6,0,0,0,0,0,2,0,0,0,0,0,1
(CAGCC)n,1617,0,0,0,0,0,0,0,0,0,0,0,0,0,1,0,0,3.88,0
(CAGCG)n,76,0,0,0,0,0,0,0,0,0,0,0,0,0,1,0,0,0,0
(CAGCT)n,30,0,0,0,0,0,0,0,0,0,0,0,0,0,0,0,0,0,0
(CAGG)n,11369,2,54,295,157,91,187,10,18,24,10,66,69,119,138,99,491,17,232
(CAGGA)n,1744,0,0,0,0,0,0,1,0,0,0,0,0,0,0,0,0,0,0
(CAGT)n,16,0,0,0,12,0,0,0,0,0,0,0,0,0,0,0,0,0,0
(CAGTA)n,106,0,0,0,0,0,1,0,0,0,0,0,0,0,0,0,0,0,0
(CAGTT)n,86,0,0,0,0,0,0,0,0,0,0,0,0,0,0,0,0,0,0
(CAT)n,3197,131,662,1127,753,790,1443,131,131,237,90,565,1281,1796,2250,899,1191,55,683
(CATA)n,4026,0,0,0,0,0,3,3,0,1,0,1,4,2,4,0,0,0,0
(CATAC)n,3178,0,0,0,0,0,0,0,0,0,0,0,0,0,0,0,0,0,0
(CATAG)n,776,0,0,0,0,0,0,0,0,0,0,0,0,0,0,0,0,0,0
(CATAT)n,271,0,0,0,0,27,0,0,0,1,0,0,0,4,3,0,0,0,0
(CATATA)n,1008,0,0,0,0,11,22,5,0.4,2,0,7.68,0.5,5.56,11,0,0,1,1
(CATCC)n,289,5.5,11,0.5,0,27.5,10,1.5,1.5,0,0,1.5,1.5,3,8,16.5,41.5,0,5.93
(CATG)n,6492,0,0,14,0,0,1,0,0,2,0,2,0,0,0.43,0,0,0,0
(CATGC)n,638,0,0,0,0,0,0,0,0,0,0,0,0,0,0,0,0,0,0
(CATTA)n,53,0,0,0,0,0,0,0,0,0,0,0,0,0,0,0,0,0,0
(CATTC)n,1016,0,1.5,0,18,0,2,0,0,0,0,0,1.7,3,8.8,0,0,1.5,58
(CATTT)n,216,1,0,0,34,0,7,0,0,1,0,0,1,0,0,1,39,0,0
(CCA)n,4892,130,392.5,1062,973.5,1025.5,875,163,106,306.5,57,591.5,888.5,814.5,1234,917,816,69,805.5
(CCAA)n,1818,5,0,0,0,0,18,13.77,12.4,22.29,12,25,74.48,31.93,64.69,0,0,0,12
(CCCCAA)n,8,48,0,0,0,25,2,0,0,0,0,0,0,0,0,0,0,0,0
(CCCCAG)n,2494,589,575,508,388,772.99,757.99,343,334.99,744,183.99,735,1059.99,976.01,1430.01,3218.99,3055.99,279,1693
(CCCCCG)n,14,0,0,0,0,0,0,0,0,0,0,0,0,0,0,0,0,0,0
(CCCCCT)n,0,0,0,0,0,0,0,0,0,0,0,0,0,0,0,0,0,0,0
(CCCGAA)n,95,2,20,17,47,13,73,18,10,20,2,18,28,40,57,103,89,0,67
(CCCTA)n,86,0,0,0,0,0,0,0,0,0,0,0,0,0,1,0,0,0,0
(CCCTAA)n,247,0,0,0,0,0,0,2,0,0,0,2,0,0,0.33,0,0,0,0
(CCCTAG)n,77,0,0,0,0,0,0,0,0,0,0,0,0,0,0,0,0,0,0
(CCG)n,1267,38,14,75,50,33,9,5,6,7,3,22,23,35,51,18,1,14,64
(CCGCG)n,0,0,0,0,0,0,0,0,0,0,0,0,0,0,0,0,0,0,0
(CCGTA)n,177,0,0,0,0,0,0,0,0,0,0,0,0,0,0,0,0,0,0
(CCTA)n,12408,24,26,117,16,49,98,9,5,5,3,26,12,32,59,35,150,22,260
(CCTAA)n,841,0,0,0,78,0,0,0,0,0,0,2,2,0,8,2,1,2,18
(CCTAG)n,10684,0,0,0,0,0,23,2,0,1,0,1,0,5,2,0,0,13,0
(CCTAT)n,3062,0,0,0,0,0,0,0,0,0,0,0.46,0,0,0,0,0,0,0
(CCTCG)n,121,0,0,72,1,0,0,0,0,0,0,0,0,0,0,0,0,0,0
(CCTG)n,10213,5,49,164,195,38,87,7,4,18,10,43,21,59,105,17,46,46,327
(CGA)n,1605,2.5,29,69,1,27,71,33,15,17,8,28,75.83,92,140.25,180,0,2,79
(CGACG)n,402,0,0,0,0,0,0,0,0,0,0,2,0,0,0,0,0,0,0
(CGAGA)n,11,0,0,0,0,0,0,0,0,0,0,0,0,0,0,0,0,0,0
(CGAGG)n,121,0,0,0,0,0,0,0,0,0,0,0,0,0,0,0,0,0,0
(CGATA)n,370502,0,0,0,0,0,1,0,0,0,0,0,1.8,13.52,24.41,0,0,0,0
(CGG)n,760,12,14,65,44,23,135,28,35,70,22,115,207,201,176,113,40,12,64
(CGGA)n,99,0,0,0,0,7,0,0,0,0,0,0,0,0,0,44,0,0,0
(CGGG)n,9,0,0,0,0,0,0,0,0,0,0,0,0,0,0,0,0,0,1
(CGGGG)n,357,0,0,0,0,0,0,0,0,0,0,0,0,0,0,0,0,0,0
(CGTCG)n,6187,0,0,0,0,0,0,0,0,0,0,0,0,0,0,0,0,0,0
(CGTTG)n,6998,0,0,0,0,0,0,0,0,0,0,0,0,0,0,0,0,1,0
(CTA)n,1369,5,9,2,69,7,63,9,16,3,0,15,14,8,32,6,32,6,16
(CTAA)n,42,0,0,0,0,0,0,0,0,0,0,0,0,0,0,0,0,0,0
(CTAAA)n,5,0,0,0,0,0,0,0,0,0,0,0,0,0,0,0,0,0,0
(CTAAT)n,19,0,0,0,0,0,0,0,0,0,0,0,0,0,0,0,0,0,0
(CTACG)n,17,0,0,0,0,0,0,0,0,0,0,0,0,0,0,0,0,0,0
(CTACT)n,1274,0,0,0,0,0,0,0,0,0,0,3,0,0,1,0,0,0,0
(CTAG)n,38,0,0,0,0,0,0,0,0,0,0,0,0,0,0,0,0,0,0
(CTAGG)n,8261,0,0,0,0.38,4,3,0,0,0,0,1,0,0,3,0,0,2,9
(CTAGGG)n,30048,0,0,35,3.14,4,25.89,0,0,0,0,4,0,0,0,0,20,4,61.39
(CTAGT)n,227029,0,0,0,0,5,8,0,0,1,0,0,0,13.15,0.26,0,0,0,0
(CTATA)n,239,0,0,0,0,0,0,0,0.13,0,0,0,0,0,4,0,0,0,0
(CTATG)n,3589,0,0,0,0,0,0,0,0,0,0,0.58,0,0,0,0,0,0,0
(CTATT)n,1555,0,0,0,0,0,0,0,0,0,0,0,0,0,0,0,0,0,0
(CTCCG)n,61,0,0,0,0,0,0,0,0,0,0,0,0,0,0,0,0,0,0
(CTCG)n,63,0,0,0,0,0,0,0,0,0,0,3,5,3,0,0,0,0,0
(CTG)n,1965,414.25,1270,1160,1433,2512.37,3976.5,605,539,1121,378,1966,3323,3147,4294.5,2051,782.66,181.5,1204
(CTGGGG)n,551,26,16,0,44,29,73,22,11,8,4,6,19,16,31,41,40,23,22
(CTGTG)n,38,0,0,0,0,0,0,0,0,0,0,0,0,0,0,0,0,0,0
(CTTA)n,56,0,0,0,0,0,0,0,0,0,0,0,0,0,0,0,0,0,0
(CTTAA)n,29,0,0,0,0,0,3,0,0,0,0,0,0,0,0,0,0,0,0
(CTTAG)n,71,1,0,0,0,0,0,0,0,0,0,0,0,0,0,0,0,0,0
(CTTTA)n,22,0,0,0,0,0,0,0,0,0,0,0,0,0,0,0,0,0,0
(G)n,502,15.9,35.05,4.71,24.32,48.75,72,3.84,2,3.5,0.74,1.58,12.33,9.49,13.4,2,7.57,16.29,71.14
(GA)n,19913,46,55,619.46,150.46,171.02,163,97.92,75,162,39,308.06,350.47,347.86,482.99,365.77,564.47,10.5,281.5
(GAA)n,3380,36,220,450,208.5,195,413.5,214,127,251,54,427,790.5,934,1136.5,681,781,40,385
(GAAA)n,162,0,2,0,0,0,13,5,0,4,2,4,5,5,12,0,25,0,20
(GAAAA)n,262,1,5,0,1,2,14,15,2,13,4,31,61,78,100,80,63,1,2
(GAATG)n,941,0,1.5,0,0,0,2,0,0,0,0,0,1.3,3,1.2,0,0,1.5,50
(GAGAA)n,4,0,0,0,0,0,0,0,0,0,0,0,0,0,0,0,0,0,0
(GATTG)n,455,0,0,61,0,4,7,0,0,0.5,0,0,1,0,0.5,0,1,1,32
(GCCTAA)n,204089,76,56,521,216,161,250,23,34,33,5,81.26,68,171.49,195,46,385.45,40,371.88
(GCCTG)n,71,0,0,0,0,0,0,0,0,0,0,0,0,0,0,0,0,0,0
(GCTG)n,24,0,0,0,0,0,0,0,0,0,0,0,0,0,0,0,0,0,0
(GCTTG)n,250,0,0,0,0,0,0,0,0,0,0,2,0,1.57,2,0,0,0,0
(GGA)n,447,10,77,86,37,111,129,53,20,32,9,74,100,142,140,47,275,9,25
(GGAA)n,16,0,0,0,0,0,0,0,0,0,0,0,0,0,0,0,0,0,0
(GGAGAA)n,97,0,22,0,0.5,0,14,0,0,0,0,0,7,1,6,0,0,0,0
(GGATG)n,953,5.5,24,0.5,0,40.5,29,1.5,1.5,0,0,1.5,1.5,2,3,16.5,43.5,5,78.93
(GGGAA)n,26,0,1,0,0,0,0,0,0,0,0,0,0,0,6,0,0,0,0
(GGGAGA)n,101,0,0,0,0,0,0,0,0,0,0,0,0,0,0,0,0,0,0
(GTATG)n,1897,0,0,0,0,0,0,0,0,0,0,0,0,0,0,0,0,0,0
(GTGTG)n,25,0,0,0,0,0,0,0,0,0,0,0,0,0,0,0,0,0,0
(GTTTG)n,4,0,0,0,0,0,0,0,0,0,0,0,0,0,0,0,0,0,0
(T)n,697,3,21,198.66,45,10,43,9,1,1,1,3,3,12,9,19.83,16.69,5,5
(TA)n,6553,4,6,114,19,6,95,10.5,10,24,6,57,46,68.5,81.25,66,207,6,27
(TAA)n,1026,4,5,16,33,79,54,5,1,9,1,18,22,30,36,2,136,3,33
(TAAA)n,275,0,0,0,0,0,0,0,0,0,1,0,1,4,2,0,11,0,0
(TAAAA)n,90,0,1,0,0,0,0,0,0,0,0,0,1,2,3,0,0,0,2
(TAAAAA)n,307,3,0,0,0,9,6,1,0,0,0,2,5,6,17,35,1,0,19
(TAAG)n,145,0,0,0,0,0,0,0,0,2,0,0,0,0,0,0,1,0,0
(TAATG)n,46,0,0,0,0,0,0,0,0,0,0,0,0,0,0,0,0,0,0
(TACGG)n,9168,0,0,0,0,0,0,0,0,0,0,0,0,0,0.04,0,0,0,0
(TACTG)n,890,0,0,0,0,0,0,0,0,0,0,0,0,0,0,0,0,0,0
(TAG)n,4185,2,44,68,28,32.94,70,20.41,21.08,7.56,3,8.59,32.29,27.01,42.01,34,116,14.81,25
(TAGA)n,122473,0,0,0,0,0,0,0,0,0,0,1,1,3,3,0.25,0,0,9
(TAGG)n,23875,30,3,39,24,8,27,10,5,9,0,18,16,20,38,1,0,27,336
(TAGGG)n,94,0,0,0,0,0,0,0,0,0,0,0,0,0,0,0,0,0,0
(TAGTG)n,196,0,0,0,0,0,5,0,0,0,0,0,0,0,0,0,0,0,0
(TATAA)n,35,0,0,0,0,15,2,0,0,0,0,3,1,0,1,0,0,5,0
(TATAG)n,65,0,0,0,0,0,0,0,0,0,0,0,0,0,0,0,0,0,0
(TATATG)n,2472,0,0,0,0,8,4,0,0.23,0,0,2.32,4.5,3.44,0,0,103,0,0
(TATCG)n,284831,0,0,0,0,0,1,0,0,0,0,0,0,0,0,0,0,0,0
(TATG)n,4086,0,0,2,0,7,28,0,0,3,1,2,0,3,1,0,87,0,0
(TATTG)n,421,0,0,0,0,0,2,0,0,0,0,0,0,0,0,0,0,0,0
(TC)n,19278,70,166,435.55,166.53,105,309,243.04,134,307,93,469.85,719.54,616.12,906.38,427.85,461.54,42.5,234.13
(TCC)n,348,17,1,54,0,58,65,86,62,75,31,219,284,344,468,34,130,7,77
(TCCA)n,3940,34.5,8,265,18.61,16.45,25.5,1,5,3.5,0,9,7.17,5,20.5,2.11,2,16.96,198.14
(TCCG)n,89,0,0,0,0,0,0,1,0,0,1,2,2,2,12,0,0,0,6
(TCCTG)n,111,0,0,0,0,0,0,0,0,0,0,0,2,0,5,0,0,2,0
(TCG)n,822,0.5,43,1,0,35,10,8,1,0,0,12,15.83,28,17.58,28,26.5,0,26
(TCGTG)n,329902,0,0,0,0,0,0,0,0,0,0,0,0,5.25,8.6,0,0,0,0
(TCTA)n,24570,0,0,1,0.25,0,0,0,0,0,0,1,2,1,4.11,0,51,0,0
(TCTCCC)n,13,0,0,0,0,0,0,0,0,0,0,0,0,0,0,0,0,0,0
(TCTCTG)n,103,0,5,0,0,17,0,0,1,0,0,0,0,0,0,4,0,0,0
(TCTG)n,43786,0,0,0,0,0,0,0,0,0,0,0,0,0.04,0.29,0,0,0,0
(TCTTG)n,0,0,0,0,0,0,0,0,0,0,0,0,0,0,0,0,0,0,0
(TG)n,28311,25,184,254.5,450.17,248.66,722.17,84.68,50.56,131.79,27,218,292,325.78,448.38,594,669,32,204.33
(TGAA)n,93,0,0,0,0,0,0,0,0,1,0,3,2,1,2,0,0,0,3
(TGAG)n,259,33,0,0,0,0,8,1,1,8,1,12,7,23,28,0,0,4,1
(TGG)n,9640,138.5,202,561,176.5,338.49,441,350.5,252,283,82,557.83,976,893.5,1195.5,601,667,59,541.5
(TGGA)n,4150,1.5,0,35,55.43,14.7,0.5,2,1,2.5,0,6,5.5,0,14.39,1.79,32,7.56,271.7
(TTA)n,967,2,12,11,24,19,77,1,5,11,1,20,33,36,42,44,142,2,20
(TTAA)n,94,0,1,0,0,1,7,0,0,0,0,0,0,0,0,0,0,3,0
(TTAAA)n,239,0,0,0,0,0,0,0,0,0,0,2,0,4,3,0,0,0,0
(TTAAG)n,47,0,0,0,0,0,11,0,0,0,0,0,0,0,0,0,0,0,0
(TTAG)n,4,0,0,0,0,0,0,0,0,0,0,0,0,0,0,0,0,0,0
(TTAGG)n,50,0,0,0,0,0,0,0,0,0,0,0,1,0,0,0,0,0,0
(TTAGGC)n,164297,14,81.5,319.06,100,202,199,17.5,6.11,52,2,84.36,110.5,217.24,213,210,424.44,50.5,427.5
(TTAGGG)n,420,0,0,0,0,0,0,0,0,0,0,0,0,0,0.33,0,0,0,0
(TTATA)n,36,0,0,0,0,0,0,0.5,0,0,0,0,0,0.5,3.5,0,0,0,0
(TTATG)n,86,0,0,0,0,0,0,0,0,0,0,0,0,0,0,0,0,0,0
(TTC)n,4575,10,127,297,174.5,169,288.5,76,58,97,34,213,330.5,428,490.5,272,342,9,176
(TTCA)n,155,1,0,0,0,13,24,2,0,1,0,3,9,3,7,0,0,0,1
(TTCG)n,42,0,0,0,0,0,2,0,0,0,0,1,0,6,0,0,30,0,0
(TTCTCC)n,326,0,1,0,0,0,5,6,0,4,1,4,8,8,12,0,0,1,1
(TTCTG)n,110,0,0,0,0,0,0,0,0,0,0,1,0,2,0,0,0,0,0
(TTG)n,5006,77,435,277,393,413,746,251,217,321,67,453,780,1045,1084,1114,1117,24,465
(TTGG)n,128,35,90,86,823,1339,1462,75,84,290,102,416,969,1112,1105,1175,1917,9,484
(TTGGGG)n,103,0,0,9,0,0,7,0,0,9,0,4,3,5,7,0,0,0,0
(TTTA)n,371,1,19,0,0,13,38,1,1,0,0,3,1,4,3,0,0,0,0
(TTTAA)n,134,0,0,0,0,7,0,0,1,0,0,0,0,3,6,0,0,0,1
(TTTAG)n,32,0,0,0,0,0,0,0,0,0,0,0,0,0,0,0,0,0,0
(TTTC)n,97,0,1,0,1,1,5,0,0,0,0,2,4,20,17,29,45,0,1
(TTTG)n,177,0,0,0,0,0,0,2,1,0,0,4,1,1,11,0,68,0,0
(TTTTA)n,165,0,0,0,0,0,0,0,0,1,0,2,0,0,1,0,0,0,12
(TTTTC)n,113,0,0,44,0,2,10,5,0,3,0,10,9,31,16,14,0,0,0
(TTTTG)n,133,0,0,50,0,0,0,0,0,0,0,0,0,0,0,0,0,0,0
(TTTTTA)n,127,0,0,0,0,0,0,0,0,0,3,0,2,0,5,0,4,0,0
(TTTTTG)n,35,1,0,0,0,0,4,8,0,0,0,2,2,4,2,0,0,0,1
A-rich,12494,148,464.5,923.5,287,427,838,114,84,200,49.5,384,513,671.5,801.5,640.33,1371.35,56,336.5
AT_rich,270905,13619.24,11061.35,26062.41,31745.95,29179.71,25413.67,3591.77,2465.19,4757.23,1086.72,7619.85,18943.57,25346.65,20035.51,10052.41,41631.24,3884.4,16366.16
C-rich,15431,0,1.02,0,0,5.03,16.02,1,0,2,0,10,2,8,8.61,57,0,12,139.12
CELE1,149121,85,245,485,189,348,686,35,38,57,11,185.99,173,419,395,416,482,52,447
CELE11,32265,64,134,223,151,84,344,39,11,49,12,103,62,182,189,25,226,24,268
CELE12A,42634,2,9,61,0,40,54.75,5,0,7,1,32,7,38,27,89,80,5,106
CELE12B,13705,0,16,29,0,6,8,5,0,3,3,4,4,9,14.94,13,0,2,14
CELE14A,41242,74,76,315,26,82,225,9,16,40,0,94,83.99,147,175,106,253,19,206
CELE14B,198042,296,424,1146.99,713,553,931,104,38,186,15,348.67,438.96,851,906.16,938,1015,85,785
CELE2,84761,208,488,1606,688,735,1143,85,63,140,29,386,303,746.5,811,387,1235,120,552
CELE4,17479,40,73,421,137,154,299,24,15,56,17,73,117,198,197,18,339,40,188
CELE42,206805,179,117,749,360.01,323.02,551.98,46.98,15,77,19,152,117.96,224.99,291.05,144,713,162.62,574
CELE45,98720,4515.13,5654.69,5466.51,7504.57,14948,7480.9,626.78,664.98,1028,194.52,1067.98,3446.41,2758.15,2383.04,1735,5669.22,1360.05,3452.88
CELE46A,107350,133,164,987,329,297,469.81,54,17,51,14,157,158,294,379,381,382,44,645
CELE46B,92955,106,146,276,113,196.8,347.83,16,21,44,9,61.68,159.99,277.01,312.87,137,270,21,252.99
CELE6,14540,25,45,126.66,31,49,49,1,1,4,1,7,11,23,23,18,0,18,79
CELE7,17976,8,175,442,64,206,117,27,13,27,0,103,84,161,195,121,303,17,155
CELETC2,134912,26,1,98,55,28,117.5,15,2,11,2,42,34,84.9,78.99,55.99,0,32,65
CEMUDR1,47440,69,164,474.49,105,105,273.24,15,5,27.85,11,45.01,75.01,125.99,167,202,100,14,199.42
CEMUDR2,17297,0,42,0,0,44,88,16,8,7,18,28,63.33,99.29,127.25,430,141,1,49.08
CER1,3156,44,38,0,4,75,100,12,7,22,4,52,131,213,242,67,101,11,80
CER10-I_CE-int,9069,143,71,115,3,477,203,4,10,12,2,22,61,126,50,80,473,74,527
CER10-LTR_CE,2949,0,0,0,0,0,6,0,0,2,0,2,0,2,2,0,0,0,18
CER11-I_CE-int,5671,0,0,37,0,0,0,0,4,4,0,15,0,11,2,0,9,20,147
CER11-LTR_CE,96,0,0,0,0,0,0,0,0,0,0,0,0,0,0,0,0,0,0
CER12-1-LTR_CE,4168,3,0,0,0,0,8,2,4,2,0,4.01,4,13,8.99,0,0,5,0
CER12-I_CE-int,5027,10,30,20,0,0,67,1,0,2,0,6,8,15,33,0,0,17,205
CER12-LTR_CE,6462,0,0,0,0,0,8,4,0,0,0,6,7,15,26,0,0,0,28
CER13-I_CE-int,5685,19,16,60,0,14,26,0,0,0,0,2,0,3,2,0,0,2,55
CER13-LTR_CE,269,0,0,0,0,0,0,0,0,0,0,0,0,0,0,0,0,0,0
CER15-1-I_CE-int,4883,7,80,0,0,77,38,0,0,8,2,7,12,25,22.87,0,1,2,21
CER15-1-LTR_CE,1766,0,0,0,0,0,0,0,0,0,0,0,0,0,1,0,1,0,8
CER15-I_CE-int,3325,7,4,31,3,11.5,18,5,2,4,1,19,24.5,53,62,0,46,4,41
CER15-LTR_CE,906,0,0,0,0,0,0,0,0,0,0,0,0,0,0,0,0,0,0
CER16-1-LTR_CE,5151,0,0,0,40,0,0,2,0,0,0,7,12,9,10,0,0,0,8
CER16-2-I_CE-int,11693,30.04,11.03,2,0,20.01,57.04,4,0,9,2,3,30,30,34,0,86,29,103
CER16-2-LTR_CE,3739,2,0,91,0.23,0,0,0,0,0,0,0,1,0,1,0,7,0,0
CER16-I_CE-int,1763,0,2,0,18,1,0,0,0,0,6,2,6,20,23,0,0,1,20
CER16-LTR_CE,2548,0,1,0,0,0,4,0,0,2,2,8,4,24,23,0,18,4,4
CER17-I_CE-int,2851,14,16,0,0,8,23,0,4,1,0,7,0,4,1,1,66,4,60
CER17-LTR_CE,132,3,0,0,0,0,1,0,0,0,0,0,0,0,0,0,0,0,9
CER2-1-LTR_CE,2183,0,0,0,0,4,0,0,0,0,0,0,0,0,0,0,0,0,0
CER2-I_CE-int,3913,30,0,0,6,8,4,0,0,10,3,5,16,36,23,7,62,38,138
CER2-LTR_CE,1318,0,0,0,0,8,28,1,0,0,0,1,7,0,2,0,0,10,13
CER3-1-LTR_CE,6335,22,0,39,1,31.99,37,2,0,2,2,3,3,14,16,0,0,1,11
CER3-I_CE-int,2105,3,2,1,0,6,82,0,5,0,0,4,7,39,21,0,0,14,84
CER3-LTR_CE,468,0,0,0,0,0,0,0,0,0,0,0,0,2,0,0,0,0,9
CER4-I_CE-int,1427,1,0,0,4,0,0,1,0,0,0,6,1,0,8,0,0,0,6
CER4-LTR_CE,143,0,0,0,0,0,0,0,0,0,0,0,0,0,0,0,0,0,0
CER5-I_CE-int,13725,2,2,70,0,0,22,3,1,0,2,5,4,6,0,0,0,31,83
CER5-LTR_CE,4489,0,0,0,0,0,5,2,0,0,0,3.99,0,0,0,0,0,0,12
CER6-I_CE-int,8044,0,0,48,0,0,1,2,0,0,0,11,0,3.33,20,0,0,4,113.83
CER6-LTR_CE,1275,0,0,0,0,0,0,3,0,0,0,0,0,0,1,0,0,0,0
CER7-I_CE-int,4939,2201.51,779.25,8818.8,31843.1,3941.64,2706.93,40.84,54.67,77.58,12.88,103.1,288.31,348.95,181.87,4004.86,12297.57,862.29,2010.71
CER7-LTR_CE,727,2,0,0,0,15,2,0,0,0,0,2,4,9.75,0,0,46,0,6
CER8-I_CE-int,9914,19,32,219,21,13,67,0,0,5,0,20,9,13,21,2,0,18,123
CER8-LTR_CE,1797,0,13,0,0,16,11,0,0,0,0,1,1,7,3,0,0,0,42
CER9-I_CE-int,86476,41,52,56,0,9,82,8.9,5,21,6,71,151.19,253.58,286.72,167,2,67,325
CER9-LTR_CE,19363,44,4,50,96,0,17,0,0,5,0,19,23.98,39,51,56,29,0,98
CERP1,1751,0,0,0,0,0,6,0,0,0,0,3,0,2,3,0,0,6,19
CERP16,17139,71,134,77,79,277,221,22.67,11,29,2,66,60.4,119.11,156.83,135,412,29,176.6
CERP2,8977,25,31,68,159,91,79,10,2,10,1,34,31,48,69,41,189,10,33
CERP3,56709,30,144.41,488,84.41,297.59,439.69,32.94,28,64,7,196.15,274.18,659.69,682.21,197.38,458.2,71.66,384.47
CERP4,137040,45.99,118,228,103,142.96,168.98,16,4,17,1,47.09,22.06,102.01,135.01,154,243,27,140.02
CT-rich,16696,885,2216,5419,5061.5,4149.42,6759.6,661,518,1172,326.5,3141,6845,8238.5,10994,5807,9594,389.4,3073.36
CeRep1A,26482,24,76.02,51,0,52,51.97,21,26.01,29.99,10.02,37,130.99,146.98,176.98,59.01,0,5.99,47
CeRep3,9785,63,13,7,2,41,36,2,5,9,0,25,8,46,28,2.02,48,19,87
CeRep4,4549,1,62,36,19,99,40,0,0,7,4,30,35,62,56,13,225,0,27
CeRep5,55117,21,127,235,152,310,336,36,12,53,14,146,149.99,339.01,359.83,190,403,26,225
CeRep52,56074,3,1,40,89,65,123,11,18,12,1,27,16,41,50.78,75,235,39,209.99
CeRep53,876230,138.96,37,560.98,150.98,76,155.4,5,8.92,5,2,18.3,67.98,97.95,167.21,43,240,70.99,750.83
CeRep54,28588,0,0,0,0,0,0,0,0,0,0,0,0,0,0,0,0,0,0
CeRep55,5884154,241.82,210.02,2417.63,245.83,112.91,291.56,23.02,8,2.87,3.94,26.77,7.98,49.31,48.32,75.37,427.11,330.08,2952.89
CeRep56,125505,0,12.68,1.62,0,0,22.04,2,1,3.01,0,15,10,30,23.01,3,7.33,2.18,32.5
CeRep57,2931,0,0,0,0,0,0,0.18,0,0,0,0,0.44,0.74,1.69,0,0,0,0
CeRep58,57561,0,0,0,0,0,0,0,0,0,0,0,4,3,4,0,0,0,3
CeRep59,457996,6,29.99,1210.7,28,54.98,20.99,0,4,2,3,12,18,11,18,23,285.91,35.99,309.86
Chapaev-1_CE,20170,23,100.01,220,147,83,134.92,37.99,19.99,51.99,5,105,159.99,283.01,274,296,334.99,18.01,149.5
Chapaev-2_CE,16912,8,3,206,84,40,59.51,8,13,12,4,26,75.81,66.01,87,18,78,4,40
DNA-3-1_CE,60654,1,42,8,15,26,31,5,0,9,3,11.5,11.49,25,35,40,3,9,93
G-rich,1844,9,1,0,0,10,5,4,1,12,1,12.5,23,12,37,41,0,6,67.08
GA-rich,17579,738.52,2204.5,5910.25,4333.88,4133.5,8543.52,616,456.75,1155,332.5,2600.83,4750.5,6455.5,7602.83,6352,7866,355,2487
GC_rich,1028,2.16,48.05,3.01,38.48,8.23,2.26,10,9,15,1,29,23.02,61,62,45,32.93,1.09,32.82
HAT1_CE,78980,39,67,366,168,163,249.34,32,18.25,30,5,68.58,72,152.59,214.62,52,380,45,385
HAT2_CE,37964,12,1,13,0,42,66,1,0.98,14.98,3,15.04,25.98,43,49.03,0,17,6,57.98
HAT3_CE,5007,1,5,89,4,18,33,4,3,10,0,10,5,24,39.45,87.02,96,6,51
HAT4_CE,8590,24,2,1,22,53.98,36.01,1,2,2,0,11,3,22.02,16.01,0,0,9,50
HATN1_CE,3080,1,0,0,0,22,0,0,0,0,0,1,0,1,6,0,61,0,7
Helitron1_CE,91875,1318.65,8943.4,17710.69,11306.4,10229.68,30486.59,238.17,162.35,253.99,57,618.92,138.93,265.21,209.83,617.94,327.98,78.98,527.24
Helitron2_CE,815115,81.21,21.5,1347.58,212.95,26.95,190.49,18.02,13.01,22.68,6,91.53,85.38,177.18,178.63,238.13,218.08,47.97,501.88
HelitronY1A_CE,143036,106.34,250.63,1020.01,125,301.74,571.75,51.42,46.89,127.91,34,207.49,310.04,513.94,575.95,543.81,828.8,56,414.37
HelitronY1_CE,117001,5.32,81.71,436.01,17,166.15,212.56,21.06,24.62,28.34,7,99.68,151.82,254.41,287.64,194.66,245.59,20.89,250.15
HelitronY2_CE,169966,0,88.17,43,25,44,121.79,20.32,3,27.67,7,59.85,49.93,108.1,87.09,4,150.01,69,361.86
HelitronY3_CE,32307,25,23,55,0,13,67,1,4,19,2,17.97,10.96,28,30.04,32,1,14,82.02
HelitronY4_CE,492550,7.2,192,157.02,118.99,231.45,371.6,43.15,41.66,95.07,25,161.75,225.35,385.53,379.08,62.67,363,43.32,399.91
IR1_CE,14874,0,16,68,24,1,8,4,0,4,1,7,8,9.03,14.97,34,0,2,13
IR3_CE,13840,10,24,97,90,54,61.2,5,4,7,8.12,16,21.5,51,68.99,112,107,9,43
IR4,14930,13,20,40,85,31,75.99,12,1,12,0,17,26,50,68,23,0,4,139.01
IS10,986,0,0,0,0,0,0,0,0,0,0,0,0,0,0,0,0,0,0
LINE2A_CE,16693,65,28,49,44,18.67,61,6,0,11,0,29.99,5,22.34,36.33,80,45,6.5,90
LINE2B_CE,17385,2,10,0,6,1,16,1,0,0,0,12,2,7.2,12,0,0,41,134.99
LINE2C1_CE,40703,68,2.5,70,89,6,152,8.01,0,16,8,54,40,88,133.5,178.99,228,29.99,304
LINE2C_CE,38096,44,3,124,4,39.16,50,2,2,0,4,14,14,15.8,46,54,93,40.09,379
LINE2D_CE,35866,34.04,0,109,53,0,53.54,4,2,4,2,17.01,4,13,22.01,11,0,20,71
LINE2E_CE,24826,38,1,109,0,7.34,100.99,5,3,15,2,18,16,21.16,19.67,0,59.01,24.5,96
LINE2F_CE,18893,0,22,40,0,20,28,1,0,5,4,33,4,28,43.98,0,11,10,95
LINE2G_CE,85213,42,91.02,99.99,30,38,46,20,10,24,0,14,32.67,89.86,66.5,180,238,12,87.97
LINE2H_CE,15501,3,0,3,130,25,64,4,0,2,2,13,15,4,19,1,2,12,101
LONGPAL1,49908,0,0,2,4,0,38,0,0,0.5,1,6.01,10.99,19.99,8.99,20,4,0,30
LONGPAL2,119896,20,16,58,20,14,101.01,2,2,4.01,1,7.16,1,22,12.66,78,157,10,75.99
LONGPAL3,169728,94.82,66,6,76.04,63.02,160.59,11,2,9,4,23.59,31.66,57.26,90.2,11,38,30.56,270.4
LR9A,8446,83,10,41,32,99,203,11.08,10,18,2,45,55,120,125.5,17,170,21,121
LSU-rRNA_Cel,1463,1136353.64,4053398.07,3368155.49,6127959.66,7961584.73,9405258.9,12113.75,2242,1606,7090,15291,1742,12736.99,1492,11060050.43,9740724.77,822681.22,5524149.03
LTR1_CE,4696,4,0,13,32,10,34,0,2,6,0,24,7,21,38,20,0,16,18
LTR2_CE,1480,0,0,0,0,25,4,5,0,0,0,2,2,6,2,0,59,4,46
LTRCER1,956,1,4,0,0,3,20,0,0,0,0,0,2,8,11,0,8,0,35
LmeSINE1c,126,0,0,0,0,0,0,0,0,0,0,0,0,0,0,0,0,0,0
MARINCE1,70883,1,32,92,0,24,43,4,1,6.84,0,36.98,13.02,31.66,19.18,154,0,21,73
MAR_CE,79591,46,48,166,68,48,89,6,12,13,2,24,31,51.99,77.99,26,2,54,262.99
MINISAT1_CE,40750,110,166,366,90.28,161.5,284.56,44.94,14,45.69,6,126.02,108.6,197.01,282.71,124,414.14,21,276.09
MIRAGE1,56227,118,11.5,32,27,3.5,79.99,14.5,5,17,0,73.5,60,58.01,101,25,12,6,131.99
MSAT1_CE,232409,0,0,0,0,0,3,0,0,0,0,3.01,3.07,6.72,13,1,63.97,4,12
Mariner2_CE,350400,212.92,558.72,1336.79,201.95,300.89,885.62,43,34.97,59.99,7,207.95,84.99,156,271.89,610.8,995.68,169.91,1187.51
Mariner3_CE,223552,139.99,73.97,135.01,73,8.02,168.99,25.02,1.99,4,4,24.02,28.99,71.02,83.98,150,68,42,256
Mariner4_CE,5660,0,0,0,0,0,11,0,0,0,0,0,0,2,0,0,0,0,19
Mariner5_CE,12288,4,35,49,0,4.01,20,15,0,4,0,25,18.01,21,44.01,0,8,11,54
Merlin1m_CE,111,0,0,0,0,0,1,0,0,1,0,2,22,53,58,0,0,8,0
NDNAX1_CE,43036,2,12,0,0,9,82,4,2,5,4,15,24.99,58.99,30,0,57,7,97
NDNAX2_CE,212449,2,42,165,0,11,27.98,6,5,9.03,1,21,38.97,40.5,101.6,144,59,24.68,150.99
NDNAX3_CE,207983,4,2,191.98,200.01,44,131.99,37.01,11,34.61,6,95.01,77,159.97,181.01,88,146.02,35,211.98
NPAL0A_CE,5314,0,0,45,0,6,0,3,0,0,0,0,0,1,2,1,0,0,2
NPAL5A_CE,21957,1,44,2,15,25,21,8,0,9,2,25,10,30,20,0,148,4,22
NPALTA1_CE,17128,0,35,54,1,42,69,1,2,5,2.01,3,8,45,24,68,45,13,72
NTC2A,61726,2,0.66,30,11,64,21,8,5,4,0,40,18.07,20.02,31,128,29,2,52
PAL3A_CE,21587,27,20,40,0,13,39.73,2,4,6,1,21,18,75.5,49.5,91,165,1,9
PAL5A_CE,321779,79.98,155.06,114,209.99,430.04,238,16.89,12.01,20.07,7.99,62.95,68.99,158.72,209.89,22,200.02,44.89,225.01
PAL8A_CE,15903,0,0,2,41,22,0,1,0,2,0,0,0,0,10,0,17,4,18
PAL8B_CE,819,0,0,0,0,0,0,1,0,1,0,6,3,2,6,0,0,2,11
PAL8C_1,1692,0,1,0,26,18,9,0,0,0,0,1,2,7,13,29,0,3,15
PAL8C_2,2800,1,14,0,26,0,7,1,0,5,0,1,0,17.6,11,0,0,0,7
PAL8C_3,2454,0,31,0,0,4,11,8,5,5,2,1,9,30,9,0,0,2,0
PAL8C_4,2745,0,0,50,63,4,3,1,3,0,1,7,4,16,7.82,2,6,3,23
PAL8C_5,1584,18,29,4.04,64.04,37,107,2,1,3,2,8,15,55,53,32,0.02,5,110
PAL8D_CE,33475,0,35,13.06,71,58,56,3,2,3.97,2,3,15,16,34,122,49,0,28.96
PAL9A_CE,78846,0,0,71,44,87.33,4,2,0,2,0,13.01,18.02,17.99,25.01,1,0,8,90.45
PALNN1_CE,4679,0,7,0,0,0,3,1,0,3,0,1,13,8,12,0,0,0,9.58
PALTA1_CE,34627,2,14,83,0,48,50,1,0,0,0,6,10,9,18,0,34,6,35
PALTA2_CE,7905,18,6,1,0,28,4,0,4,3,0,4.51,9,13,16.99,12.02,0.02,8,23.99
PALTA3_CE,85359,64,60,145,27,101,59.99,7,4,7,6,21,17,31.68,40.5,2,109,9.99,176
PALTA4_CE,15466,0,11,113,42,0,1,0,0,0,0,0,2,2,2,0,0,0,4
PALTA5_CE,41421,156,319,314.99,280,286,362,38.99,51,55,8,168,161,245.42,340,265,461,96,737
PALTTAA1_CE,98029,34,172,53,339,216.99,345.85,24,23,59,6.86,116,93.26,244.5,261.99,127,499,39,330
PALTTAA2_CE,35866,27,53,150,222,97,203,9,17,34,3,78,81,149.32,169,138,516,41,229.5
PALTTAA3_CE,112084,75,132,481.99,299,415,387,52.02,23,64,4.5,121,159,320.5,352,187,394,23,278.5
PALTTTAAA1,19695,13,52,1,74,157.99,160.99,7,2,14,1,59,44,65,105,84,389,9,118
PALTTTAAA2,14073,0,97,438.02,118.02,159,282,15,4,29,9,43,47,179.98,150.01,31,69,20.33,149
PALTTTAAA3,42893,110,24.01,247.03,30,14,99.03,7,14,5,2,15.99,22,28.02,44,0,72,26.98,117.98
RC123,189690,43.54,5,333.62,49.84,57,91.47,4.81,3,17.32,5,38.12,53.15,73.57,63.44,43.12,177.73,29.5,279.88
RC14,85,0,0,0,0,0,0,0,0,0,0,0,0,0,0,0,0,0,0
RC35,1104,0,0,38,0,0,3,0,1,2,0,5,2,3,8,0,0,0,21
RC35S,140,0,0,0,0,0,0,0,0,0,0,0,0,0,1,2,58,0,0
RCA1,100,0,0,0,0,0,0,0,0,0,0,0,0,0,0,0,0,0,0
RCC9,228,0,0,0,0,8,32,0,2,3,0,12,9.33,30,28.67,0,0,0,7
RCD1,7447,0,0,0,0,0,1,0.26,0,0,0,1,0.06,1,0.76,0,0,0,4.6
RCS5,127684,3,19,23.99,56,9,63.01,11,4,16,2,23.04,26,26,80.01,0,164,16,79
RTE1,336314,65,219,288.85,280.98,63.01,335.99,54,47,111.89,23.99,234.65,555.51,532,777.68,709,352.99,41.01,836.86
SINE1_CE,17280,4.85,2,10,42,39,0,5,0,1,0,11,5,5,16,0,5,7,66
SSU-rRNA_Cel,1160,2040204.26,12416396.16,8778929.68,9248331.39,22355420.57,19780695.01,3774.96,674,430,2370.98,4588.45,530.99,2903.98,456,10431219.09,21682678.84,1622909.57,6833611.25
T-rich,12364,1856.67,1248,1884,2942.5,3334.67,3271.17,629.67,345,629.5,198,1300.5,2735,3887,3156.5,1208.5,3296.56,474.25,1835.5
TC2,30361,20,69.99,120,0,12,72,2,1,2,1,6,6.98,25.99,51.02,2,32,3,24
TC4,123392,71,56.78,171.71,220.11,63.63,191.41,15,5.17,8,3.99,41.15,36,83.65,77.47,77.43,159.5,39.24,155.82
TC5,23891,46,3,89,0,12,53,0,0,2,0,28,27,36,53,82,25,4,103
TC5A,80320,98.78,62.24,449.12,432.53,85.58,133.28,2,2.65,12.58,0,28.11,17.08,17.75,30,45.42,197.13,47.57,367.46
TC5B,20623,0,18,36,1,16,22,2,0,3,0,3,3,13,11,0,0,4,42
TIR21T5A_CE,8309,4,2.01,7,45,53,22,5,4,6,0,8,5,16,37.48,32,158,6,22
TIR23T5A_CE,75775,1,43.99,75,0,56,72,3,5,4,1,15.99,41.01,48,47.99,21,0,40,92
TIR43YW1_CE,5628,38,63,87,95,98,33,0,4,0,0,8,10,16,4,3,0,14,4.01
TIR54TA1_CE,11070,28,13,26,2,1,36,5,6,4,0,10,10,25,46,16,31,10,55
TIR9TA1A_CE,4220,0,0,37,0,0,0.5,2,0,2,0,2,6,2,3,0,1,2,46.5
TIR9TA1B_CE,23403,19,13,303,37,58,100,4,10,10,2,30,26,58,59,0,94,16,182
TIR9TA1C_CE,14920,1,1,733,39,72,97,13,11,17,6,58,57,94,126,142,107,61,287
TIR9TA1_CE,29262,17,41,9,24,5,34.5,7,6,12,6,27,18.33,33,50,1,98.5,28,168.5
TR5,767,0,0,12,0,0,2,0,0,0,0,0,0,1,0,0,0,0,21
Tc1,150843,3,96.98,342.94,0,4.01,53.99,1,8.98,3,0,34.98,12.98,16.98,51.01,42.01,36,16,460.92
Tc1A,45757,4.99,61.97,63,42.25,74.86,50.5,9.29,1.82,7.21,1,14.96,54.39,81.93,85.68,72,1,6,57.34
Tc3,278111,77.7,75.88,293,111.96,53.11,138.95,23.63,12.02,18.75,11.98,80.98,115.72,171.24,185.68,19.98,217.99,77.98,428.7
Tc6,112320,63,32,86,49,4,65,6,1,7,0,14.99,11,59.01,26.01,118.99,13,14,121.01
Turmoil1,5456,11,32,0,20,87,88,14,3.01,14.99,2,13,52,60,75,38,12,8,90
Turmoil2,1171,2,28,14,22,4,25,24,14,61,5,62,55,50,81,58,0,2,118
polypurine,133,8,37,178,1,30,184,8,5,12,11,33,26,16,26,111,171,5,30
polypyrimidine,345,19,2,0,0,20,32,0,2,6,2,6,4,11,30,112,48,3,9
