"","baseMean","log2FoldChange","lfcSE","stat","pvalue","padj"
"(ATGGTG)n",24.0927856275754,-4.37245652579004,1.14045850931169,-3.83394616295948,0.000126103752898313,0.01569991723584
"CeRep55",237.067060365576,2.66110918897887,0.686010060041411,3.87911102764037,0.000104838898402368,0.01569991723584
"CER9-LTR_CE",18.5169210337821,4.36406627581114,1.20816096510292,3.61215632839071,0.000303661404727122,0.0252038965923511
"(TCC)n",105.781496611933,-3.44766926777757,0.978649988629897,-3.52288285682635,0.00042687999321596,0.0265732795776935
"(CAA)n",421.688224872213,-1.72706055805285,0.506687764409208,-3.40853022189431,0.000653138499966514,0.0297347430883468
"TC5A",68.0405310367799,2.5146218586277,0.743270266274102,3.38318640302014,0.000716499833454139,0.0297347430883468
"CER7-I_CE-int",2226.08992471913,2.96004726937389,0.929951671211036,3.18301193600647,0.00145751605764571,0.0518459283362545
"CeRep53",85.1986860534934,2.00865286115739,0.670552921487612,2.99551727655025,0.00273979780358439,0.0758010725658348
"Helitron2_CE",105.101557615953,2.07478729190603,0.688905424466334,3.01171571339169,0.00259775757093983,0.0758010725658348
"(TGG)n",419.082994057882,-1.70630399047098,0.583764821781648,-2.9229304795437,0.00346753928028835,0.0863417280791799
"(ACTAG)n",4.75887043737828,-6.01684008351526,2.15234470373094,-2.79548163130446,0.00518224466422343,0.0992599170301258
"(GAAAA)n",18.8552269840331,-3.15583096605027,1.10885426534904,-2.8460286122964,0.00442682170687851,0.0992599170301258
"LTR2_CE",4.55441363674494,-5.72718287148126,2.03083065205916,-2.82011839129678,0.00480059343015777,0.0992599170301258
"PALTA4_CE",4.41371442659546,5.669773821552,2.0565488549366,2.75693612040488,0.00583457486052731,0.10377208144795
"(AATTG)n",20.1760459582201,-3.39020995219201,1.35385665253295,-2.50411293237671,0.012275884372692,0.164251288005202
"(CA)n",69.3620173922921,-1.75644090776039,0.704196635590401,-2.49424779811364,0.012622439082514,0.164251288005202
"(CGG)n",69.9375938292282,-1.74530849333891,0.690312307121415,-2.52828824770169,0.0114620204952007,0.164251288005202
"(GAA)n",315.042664841835,-1.38695624314459,0.544668357409243,-2.54642338641032,0.0108833098543337,0.164251288005202
"(TTG)n",409.276500274491,-1.32365460704377,0.526731050976724,-2.51296103502784,0.0119722557440201,0.164251288005202
"RCC9",4.1794763586637,-5.37968381493135,2.17052272972436,-2.47851991654311,0.0131928745385704,0.164251288005202
"(CATATA)n",2.80475487764694,-5.6346810463821,2.34267735304589,-2.40523136447109,0.0161622297710885,0.191637867285763
"(TC)n",311.72976134314,-1.44357017048324,0.616125150694942,-2.34298205300498,0.0191303032888102,0.206740417599394
"(TTGG)n",407.517579926157,-1.46885175555652,0.631024998104846,-2.32772356082234,0.0199267872384958,0.206740417599394
"Tc6",27.53197821044,2.19520142499728,0.941171439805152,2.33241398129521,0.0196789232954104,0.206740417599394
"(CAG)n",207.715808350068,-1.12875968325614,0.500660026186059,-2.25454325134531,0.0241620129232,0.236260951624736
"(CTG)n",1404.18324515245,-1.09778538568995,0.506984265276831,-2.16532437173473,0.0303628532208497,0.236260951624736
"(GGA)n",57.53551594502,-1.28624542439483,0.5771775185962,-2.22850922455054,0.025846576895139,0.236260951624736
"(TCCA)n",21.2332907712786,2.1756852264153,0.969986272097766,2.24300620431462,0.0248964144191056,0.236260951624736
"CEMUDR1",75.4772461702691,1.21235037840556,0.559681426233932,2.16614366955753,0.0303002100615496,0.236260951624736
"CER2-I_CE-int",18.9113695449912,3.07584808291839,1.41621567328942,2.17187829575009,0.0298648439775626,0.236260951624736
"CER2-LTR_CE",3.16074993790521,-4.93799595540602,2.26602613060196,-2.17914343030733,0.0293210147942056,0.236260951624736
"TC4",55.2152353587291,1.16653148396249,0.531933259013235,2.19300347213948,0.0283071289299548,0.236260951624736
"LINE2A_CE",24.4592164546612,1.96531027499319,0.934968460439082,2.10200702820524,0.035552660149644,0.268260981129132
"(CACCAT)n",29.6728357286154,-1.26179641004034,0.615008474268855,-2.05167320912189,0.0402014320954307,0.28600447405035
"C-rich",8.37560810904159,-3.63849955255321,1.76596735954823,-2.06034360311394,0.0393657042764424,0.28600447405035
"(TTCA)n",2.1757717279482,-4.43544525588671,2.27858098369258,-1.94658223149866,0.0515848405471082,0.325374059812378
"(TTCTCC)n",3.25175930352215,-4.23400206580265,2.14908706436003,-1.97013984962191,0.0488223449417296,0.325374059812378
"CER8-I_CE-int",18.648809470687,2.23961946103819,1.14317858154111,1.95911600969551,0.0500992023003651,0.325374059812378
"Mariner3_CE",59.0796826657254,1.61724834756349,0.814551709856084,1.98544589372874,0.0470948842234863,0.325374059812378
"NTC2A",16.3328807479865,-1.95186559527611,1.00564341499439,-1.94091222213891,0.0522689252710648,0.325374059812378
"(CCTG)n",46.0804625659066,1.33033858122021,0.708816389751314,1.87684511878592,0.060539324556942,0.361236626888741
"RC123",44.7333943319234,1.3696591714714,0.730877674032414,1.87399235211918,0.0609314792342454,0.361236626888741
"(TTC)n",147.592174356696,-0.95451072955153,0.521429271304146,-1.83056606539216,0.0671653374833103,0.385743725143718
"CELE46A",165.067685448131,0.768990322438769,0.421613118935697,1.82392408561663,0.0681635498245928,0.385743725143718
"(CCTAG)n",3.17756169004765,-4.59918076750373,2.54334907226621,-1.80831676534503,0.0705572140149172,0.390416584215875
"(CGA)n",37.4253275660425,-1.85455328744548,1.07291164634893,-1.72852377337541,0.0838943626049568,0.414223327615593
"(GAAA)n",4.13910785642104,-3.294248085236,1.93657291686619,-1.7010710294177,0.0889296501900599,0.414223327615593
"CELE14B",342.233882687077,0.715969457976534,0.409221651109453,1.74958841018174,0.0801893610415657,0.414223327615593
"CER12-LTR_CE",2.91056354473462,-4.64519891862753,2.71796055142812,-1.70907517998624,0.0874370244350604,0.414223327615593
"CER3-I_CE-int",9.27284090796445,-2.84857370833241,1.66636820366996,-1.70945034960388,0.0873675612225188,0.414223327615593
"Mariner2_CE",246.960906884332,1.03606286124873,0.587403173846291,1.76380194622483,0.0777653297318727,0.414223327615593
"PALTTTAAA3",39.558176914703,1.55830528549237,0.918656690212473,1.69628687418796,0.0898315650250684,0.414223327615593
"TC5",19.0620189314717,2.23438610080343,1.3004480493079,1.71816636734745,0.0857662742125689,0.414223327615593
"Tc3",83.3900483753176,1.00866612994176,0.585821262278958,1.72179843049372,0.0851060390205165,0.414223327615593
"(TTTTTG)n",1.89992545419593,-4.61668583579814,2.80463604537349,-1.64609088705602,0.0997450483542348,0.451573037094627
"CELE6",19.3584709437807,1.49106336755694,0.93517629465261,1.59441955071244,0.110842096372736,0.459994699946856
"CEMUDR2",44.3585050397237,-1.8569217322653,1.16303496241042,-1.596617292069,0.110351041981655,0.459994699946856
"CeRep52",37.1254545475566,-1.3306854942799,0.818232412621578,-1.626292815774,0.103887379353244,0.459994699946856
"TC2",15.0510229531318,1.75370900933598,1.09337235321227,1.60394489963431,0.108726198617655,0.459994699946856
"Tc1",33.434620636493,1.84079672403251,1.1384666783511,1.61690874141229,0.105897981232508,0.459994699946856
"CER16-2-LTR_CE",2.20596736501954,5.17951730903585,3.27100388910187,1.58346412436031,0.11331571740377,0.462551043172767
"(CCAA)n",20.9340185860031,-3.4011455730151,2.19158208023525,-1.55191338882001,0.12068294885815,0.475282452581236
"(TAG)n",26.9865163884985,-1.13341839986251,0.735301247371214,-1.54143407741332,0.123211175615166,0.475282452581236
"LINE2C1_CE",51.549982601032,1.41640299260319,0.920989903726394,1.5379137022809,0.12406971653727,0.475282452581236
"MIRAGE1",37.5579361515644,1.61957616490426,1.04118040446758,1.55551925291223,0.119822452895078,0.475282452581236
"NDNAX1_CE",14.0409583366518,-1.92675733756766,1.27310204922394,-1.51343510816134,0.130169172766912,0.491092788166075
"(CAGA)n",1.09503841522596,-4.43536642971792,3.03461250764261,-1.46159235109838,0.143852951677014,0.50449837982502
"(TGAG)n",8.57833128914734,2.87346866578377,1.942321091451,1.47939940436788,0.139033599235134,0.50449837982502
"CELE42",180.257586952194,0.715374324348047,0.488771910808631,1.46361586770509,0.143298934538343,0.50449837982502
"LINE2D_CE",18.1840717982119,1.84751078367326,1.25379678191016,1.47353288055069,0.140607404572072,0.50449837982502
"Turmoil2",33.1933755738072,-1.57546521148103,1.06535267222332,-1.47882034987826,0.139188335512684,0.50449837982502
"(CCCGAA)n",23.8631830349112,-1.15298047779898,0.799575712910069,-1.44199036962077,0.149305090415931,0.509273527583108
"(TATG)n",3.11935164628947,-3.51348219347117,2.42570227681412,-1.44843917040211,0.147494266658829,0.509273527583108
"HelitronY4_CE",129.255552277536,-0.853456705217782,0.595845125751902,-1.43234654162992,0.15204466957075,0.511609766528605
"(CAAA)n",15.1308473961218,-2.29697275947084,1.63263768473056,-1.40690906558972,0.159454355039182,0.523125397686471
"(T)n",12.7878464397933,1.27794927286402,0.908805061265318,1.40618635099232,0.159668796081011,0.523125397686471
"(CCG)n",22.0678849875388,1.2814780358083,0.916735991281746,1.39787032253046,0.162152012080202,0.524361701402212
"(TTTG)n",2.13733929275571,-4.06857419055388,2.97988402994201,-1.36534648653191,0.172144174673825,0.531744593718787
"CELE2",335.526556144819,0.466221260106571,0.343581185863884,1.35694641991041,0.174798235774535,0.531744593718787
"IR1_CE",7.55603944138027,1.90341386091574,1.38012813209194,1.37915735260799,0.167846243952613,0.531744593718787
"LONGPAL3",44.3751506317141,1.16721025579851,0.860330652086539,1.35669960493411,0.174876678071039,0.531744593718787
"PALTA3_CE",34.4970853570556,1.10183074020623,0.812584985965055,1.35595754196425,0.17511267744956,0.531744593718787
"(GA)n",181.648312863651,-0.758901457281959,0.563097562178512,-1.34772641235725,0.177746393715701,0.533239181147104
"LINE2C_CE",32.455251700933,1.32513985559072,0.996296248060867,1.33006609045241,0.183496496812945,0.543936044124088
"CER16-I_CE-int",5.28100220523502,2.87586417514308,2.18027927663549,1.31903477043591,0.187157488459626,0.548261348546435
"CERP4",57.2325935442286,0.706511525980251,0.545279211523122,1.29568762397297,0.195083126872153,0.564833704548442
"TIR43YW1_CE",20.7274804914367,1.37436062996917,1.0734084510359,1.28037060696032,0.20041482625901,0.573601054465443
"(TATAA)n",1.50651111081114,-4.04211773989766,3.23306255032981,-1.25024421178777,0.211210350830208,0.597629288144567
"(TAA)n",14.7808788209039,-1.16856070875523,0.943143663969951,-1.2390060532628,0.215343256350024,0.602477200350067
"CER13-I_CE-int",6.78770869055365,2.03025642511036,1.65839309925238,1.22423111023895,0.220865056329064,0.604345044241066
"MAR_CE",43.081787272448,0.916639255813032,0.748687450478812,1.22432832983485,0.220828393972348,0.604345044241066
"(TG)n",186.065484402313,-0.5917215490023,0.487469333782248,-1.21386415102498,0.224799604339188,0.605092327712567
"HATN1_CE",2.08207544179784,-3.64052299611641,3.00687898396852,-1.21073146459376,0.225998339266139,0.605092327712567
"PAL8C_4",6.74711703275031,1.71586021809865,1.4370617574458,1.19400590072648,0.232475659865717,0.615813184112379
"(CATA)n",1.03320187703625,-4.08867744503123,3.44842167778153,-1.185666321313,0.235754099708451,0.617923903446362
"Turmoil1",23.989923925739,-1.12220721332723,0.952373990058784,-1.17832618807446,0.238666591383773,0.619041471401661
"AT_rich",11459.1960218515,0.508407125554422,0.436323808909935,1.1652060125359,0.24393561244735,0.619795586728471
"PALTA5_CE",168.447845454153,0.513942281359559,0.438983098791258,1.17075642040594,0.241696699472568,0.619795586728471
"(CAATT)n",1.35662413281297,-5.08333486732974,4.47119041489993,-1.1369086072447,0.255576493563304,0.642813605022855
"(TTA)n",15.419087280691,-0.900938632402202,0.808057188605952,-1.11494414641183,0.264874357186469,0.659537149394309
"LONGPAL1",4.03826818245857,-2.06180568704884,1.88574801475065,-1.0933622471937,0.274234782448688,0.672526568216123
"MINISAT1_CE",101.860843962928,0.536952722115972,0.492391162802962,1.09050032307514,0.275492811076484,0.672526568216123
"(CATAT)n",1.1205012506557,-4.71659397567524,4.43863450230231,-1.06262274427614,0.2879530684021,0.677713938613019
"(CATTC)n",2.56039734877609,2.68399287795771,2.5686132614253,1.04491903014952,0.296060393639218,0.677713938613019
"CER12-1-LTR_CE",3.76050557433382,-2.24389327002132,2.14790529154453,-1.04468911122602,0.296166679005838,0.677713938613019
"CERP2",31.1423301386505,0.69815274758444,0.667848719922394,1.04537558695264,0.295849415330908,0.677713938613019
"CeRep3",21.7988070585894,1.20035169513918,1.13574844966515,1.05688164971133,0.290565604252264,0.677713938613019
"CeRep5",106.243051945039,-0.457328621284093,0.439787327525497,-1.03988585541401,0.298392934700497,0.677713938613019
"PAL3A_CE",19.0743949012288,0.990639451185648,0.95461353091543,1.03773874882715,0.299391699788884,0.677713938613019
"PAL8C_2",3.44844351139757,2.37381123817767,2.24559556564411,1.0570965112753,0.290467543263279,0.677713938613019
"(TGGA)n",12.1832172650354,1.4149066189361,1.38058997233737,1.02485650865668,0.305430898378042,0.685155799064256
"CELE14A",66.5063521062662,0.66964156912167,0.677520266005209,0.988371274958322,0.322970850205596,0.71803340804637
"(ATG)n",454.605540410249,-0.38004113686936,0.389104730546541,-0.976706544625017,0.328714454183774,0.724335390192564
"(CTA)n",14.7141159540804,-0.999171358319346,1.03560100820778,-0.964822697544996,0.334633625290419,0.730910286818546
"NDNAX2_CE",28.4474076477411,0.950010334096132,0.994098170437511,0.955650419996271,0.339248879153479,0.734547573123621
"CELE46B",98.7186556408622,0.464453224085917,0.492937008255398,0.942216178350475,0.346081972590423,0.74288285495703
"LINE2G_CE",41.9078031299071,0.693871360822233,0.744342146398094,0.932194104794292,0.351236221551664,0.747502727917643
"IR3_CE",28.0903967857326,0.608142736798474,0.668598312436734,0.909578629629011,0.363044773043651,0.766086004134483
"(CCCCAG)n",831.774419119078,-0.575967024247676,0.648006779164012,-0.888828701747111,0.374095148085647,0.782770519943917
"CER9-I_CE-int",62.8957207934,0.899805325394229,1.04577865782793,0.860416607911192,0.38955943416061,0.800543296604308
"MSAT1_CE",2.67779090847933,-2.01131808257113,2.35084360670264,-0.855572900228893,0.392234065002914,0.800543296604308
"TIR21T5A_CE",13.3951518638294,-0.840912609126997,0.980295110904412,-0.857815773814457,0.390994198279829,0.800543296604308
"(CATTT)n",2.13501171653635,2.55866963571303,3.01461324455352,0.848755521238343,0.396017344713807,0.80169364905478
"(TA)n",30.2101135232375,-0.643914015728104,0.770884814525456,-0.835292126132341,0.403553249621903,0.810360960934305
"(A)n",20.7076715443055,-0.531257523841902,0.680604557794845,-0.780567096939775,0.435057150040546,0.846322112188249
"(GCCTAA)n",93.7489402939784,0.418270217249675,0.534889283762675,0.781975317036371,0.434229079695274,0.846322112188249
"CELE45",2986.18444021554,0.415717502125993,0.530492297595547,0.783644746606559,0.433248591994474,0.846322112188249
"CERP1",1.71639742954053,-2.54369315730207,3.23015848502837,-0.787482462266777,0.430999490875948,0.846322112188249
"(CTGGGG)n",24.8729101861899,-0.734043870780314,0.9519788234704,-0.771071638026975,0.440664470569757,0.847194526947128
"HAT2_CE",14.1202126451343,-0.956682697231544,1.24519806857147,-0.76829760772845,0.442310395594886,0.847194526947128
"HelitronY3_CE",18.7619171974784,0.846130992003826,1.11501677253649,0.758850461127153,0.447942015863914,0.851431770611562
"CELE12A",16.6282953235586,-0.746544644556313,1.04927336088421,-0.71148727527706,0.476782333309483,0.879730514450512
"CER16-1-LTR_CE",3.05967142536763,1.99103350584917,2.81917366269547,0.706247200091071,0.480034422262142,0.879730514450512
"CER16-LTR_CE",3.91104505654413,-1.45634322675267,2.01771218276856,-0.721779468444495,0.470430074494996,0.879730514450512
"CERP3",148.309503523805,-0.372848382049864,0.528483622789559,-0.705506028894165,0.480495381386625,0.879730514450512
"RC35",2.30126997634636,1.81262997843162,2.49648367374243,0.72607323552585,0.467793875630993,0.879730514450512
"CER12-I_CE-int",13.2929527846988,1.00041165572926,1.57956442917158,0.633346533546551,0.526507371830282,0.885813078282028
"CER7-LTR_CE",2.08062347400708,-1.85245973753317,2.79306178128101,-0.663236219817362,0.507179277676312,0.885813078282028
"CeRep1A",46.6502896309853,-0.710919010836601,1.09889749106799,-0.646938423843044,0.517671796520183,0.885813078282028
"Helitron1_CE",2426.762018961,0.458993347193076,0.718832042200636,0.638526554531308,0.523130973884141,0.885813078282028
"HelitronY1A_CE",215.057003251933,0.294121132602846,0.442094288663126,0.665290505091698,0.505864702398468,0.885813078282028
"LINE2E_CE",22.2398738760756,0.824184343751263,1.21256187645287,0.679704978159353,0.496691283288214,0.885813078282028
"PAL8B_CE",1.43027507414899,-1.9937065822499,2.97856299175525,-0.669351827632497,0.503271073105823,0.885813078282028
"PALTTAA2_CE",71.830960637941,0.356341514023771,0.533273918815314,0.668214779405293,0.503996502663744,0.885813078282028
"PALTTTAAA1",39.2057362493778,-0.595200753702704,0.894368211791597,-0.665498556249443,0.505731666672855,0.885813078282028
"TIR9TA1A_CE",3.03769224039897,1.41863061828043,2.23724942126778,0.634095870042305,0.526018257877206,0.885813078282028
"TIR9TA1B_CE",31.9450732036176,0.576726733444099,0.879612935721533,0.655659677140854,0.512043118805818,0.885813078282028
"TIR9TA1_CE",25.9775584596272,0.608250131858336,0.934494198509207,0.650887006927035,0.515119429385154,0.885813078282028
"(CAAT)n",0.997980599494985,-2.05979536825112,3.50614527329894,-0.587481466879739,0.556880393925648,0.891281338802603
"(TCCG)n",1.2217032710971,-2.049056926718,3.40118472466711,-0.602453877867086,0.546872055503826,0.891281338802603
"(TTTC)n",2.94413504834575,-1.13104769958235,1.93265528144163,-0.585229921985187,0.558393127924522,0.891281338802603
"CELE11",82.8976263793044,0.347375408060182,0.56697739721368,0.612679464414812,0.540088303557857,0.891281338802603
"HelitronY1_CE",81.1033123415007,-0.417213007474314,0.680215904967691,-0.613353796092332,0.53964242972142,0.891281338802603
"LINE2H_CE",14.1358980094483,0.750609736549406,1.27955456523157,0.586617997344696,0.557460292692961,0.891281338802603
"LONGPAL2",18.1950089476262,0.547243664250528,0.926407404495526,0.590715986935066,0.554710734378309,0.891281338802603
"TIR54TA1_CE",14.2434707597853,0.621586932571158,1.05345726692594,0.590044752726409,0.555160646493832,0.891281338802603
"(CCA)n",431.78391708327,-0.219216930611615,0.389623440822259,-0.562637941261903,0.573681450630626,0.909851472656217
"Merlin1m_CE",4.97585544947888,-1.35024934768668,2.51985072537891,-0.535844974500878,0.592065696385825,0.933065559494117
"CER16-2-I_CE-int",19.317716337796,0.696456329395967,1.31304043916494,0.530414988466687,0.595824236225247,0.933083237862179
"(TAAAAA)n",3.20339403167233,-1.06599674607646,2.03428684366765,-0.52401496347219,0.600268132341671,0.934167280956726
"(GGAGAA)n",1.79047277902299,1.80508171127282,3.63156333365781,0.497053622758851,0.619151237894007,0.950207919768923
"(TAGG)n",24.017919683672,0.533945051670382,1.11075472273964,0.480704732322383,0.630726367291073,0.950207919768923
"CELE7",71.1329259191654,0.332745423685812,0.697805119466777,0.476845775995563,0.633471946512615,0.950207919768923
"GA-rich",2314.48541238717,-0.15193694351843,0.311240452817817,-0.488165796389472,0.6254324093988,0.950207919768923
"PAL8C_3",7.67146280599682,-0.870530554602335,1.80908084404301,-0.481200471205496,0.630374026001091,0.950207919768923
"PAL8C_5",18.2068963911087,0.532572928105027,1.08375602354431,0.491414042030697,0.623133634614302,0.950207919768923
"LINE2B_CE",11.8094485017677,0.722851892343346,1.55094855179299,0.466070838718466,0.641164795790421,0.951894816135676
"LSU-rRNA_Cel",1760784.62530164,0.510777350646192,1.09947209069122,0.464565999419845,0.642242285585516,0.951894816135676
"(CATCC)n",4.83247706360823,-0.663532703654845,1.54610911080098,-0.429162921956455,0.667804664058175,0.976753359876783
"CER3-1-LTR_CE",7.88129139880543,0.651731126367954,1.55285252319696,0.419699306039824,0.674705132123722,0.976753359876783
"RTE1",201.448857540407,0.229432543300895,0.542731615912127,0.422736646574947,0.672487414991585,0.976753359876783
"T-rich",1474.75548809224,0.209989447181761,0.494440844352025,0.424700850628464,0.671054763628023,0.976753359876783
"(C)n",107.105834979255,-0.0645523546263182,0.852114342776936,-0.0757555076657319,0.939613614094831,0.979542098793555
"(CAATA)n",1.38863513979808,-1.05935740641377,3.43889270830868,-0.308051892358916,0.75804284657446,0.979542098793555
"(CAATC)n",5.22358664541032,0.489477477888885,1.88188303954788,0.260099840214555,0.794786761175513,0.979542098793555
"(CAGAGA)n",9.34476801172101,-0.505612056277728,1.62282311029226,-0.31156325854065,0.755372460648999,0.979542098793555
"(CAGG)n",63.6873283020258,0.182905683942371,0.655778761767012,0.278913704752387,0.780311050869082,0.979542098793555
"(CAT)n",511.312071231245,-0.151564668401061,0.40793075086119,-0.371545092104701,0.710231576934013,0.979542098793555
"(CCTA)n",31.0133534485701,0.147112143219683,0.658368012077212,0.223449712806566,0.823185517007352,0.979542098793555
"(CGATA)n",0.965506714568951,-1.38735025969345,4.53757971835207,-0.305746751750138,0.759797473973424,0.979542098793555
"(CTAGGG)n",3.7753461155423,0.294049592516046,2.36368005602387,0.124403297208798,0.900995962834963,0.979542098793555
"(G)n",14.7132205151348,0.0680095319202625,0.906616711450212,0.0750146462792146,0.940203058681364,0.979542098793555
"(GGATG)n",8.38168615692974,-0.51609436862375,1.41813311826691,-0.363925192900413,0.715913871531238,0.979542098793555
"(TCG)n",9.17411732910034,-0.400847820836501,1.49137618751199,-0.268777136307386,0.788101188701468,0.979542098793555
"(TCTCTG)n",1.14761495049229,-1.63052734575909,4.41413161264624,-0.369388022116904,0.711838524662479,0.979542098793555
"(TTAGGC)n",85.2482544960848,0.0525756704115778,0.559854119419276,0.0939095892803528,0.925180976360126,0.979542098793555
"(TTTA)n",2.94478819089182,-0.547877238310233,2.1053662479976,-0.260228945358707,0.794687178019456,0.979542098793555
"(TTTTC)n",4.75370458583587,-0.238371466376403,1.94929618953153,-0.122285914093789,0.902672587197473,0.979542098793555
"CELE1",161.429292622619,-0.0496877587046936,0.404290738664378,-0.122901055979771,0.902185449416612,0.979542098793555
"CELE12B",6.16837171938823,0.28707265211011,1.5140609076367,0.189604427841811,0.849619117238503,0.979542098793555
"CELE4",87.0604219776946,0.214233157141877,0.578463064881911,0.370348895457329,0.711122546350289,0.979542098793555
"CELETC2",30.5738773212389,0.139963075233932,1.0221985882479,0.136923565384527,0.891091211781356,0.979542098793555
"CER1",44.9825683725975,-0.185390477455696,0.973551154338563,-0.190427053195424,0.848974500132778,0.979542098793555
"CER11-I_CE-int",9.59727353497835,-0.161305333635786,2.0294395684874,-0.0794826986427644,0.936648692554665,0.979542098793555
"CER15-1-I_CE-int",12.4778192298251,0.587388598235208,1.62865486201551,0.36065873251273,0.718354577859965,0.979542098793555
"CER15-I_CE-int",11.468292945472,-0.226907191382691,1.0722945841051,-0.211609006280732,0.832412082451423,0.979542098793555
"CER17-I_CE-int",7.61325426678345,0.563309028681682,1.70226274374579,0.330917792069005,0.740706582294628,0.979542098793555
"CER4-I_CE-int",1.04677419809007,0.819606115073724,3.57545062454686,0.229231557400572,0.818688946260796,0.979542098793555
"CER5-I_CE-int",10.962780226414,0.626658187318167,1.58568930333176,0.395196074036362,0.692698189838133,0.979542098793555
"CER8-LTR_CE",2.5323068724514,-0.195560421143211,2.5480319508397,-0.0767495953411275,0.938822749486435,0.979542098793555
"CERP16",73.5931899105779,-0.0535295228260648,0.600637730128674,-0.0891211459769557,0.928985632202614,0.979542098793555
"CT-rich",2590.77808562934,-0.0267389396653817,0.334586289712727,-0.0799164236177744,0.936303727450475,0.979542098793555
"CeRep4",21.0438222557538,0.168211042275644,1.07068221531686,0.157106412966673,0.875160983532251,0.979542098793555
"CeRep56",5.61903845366029,-0.488632609263774,1.54705169241578,-0.31584762917699,0.752118164321358,0.979542098793555
"Chapaev-1_CE",86.6978455246071,0.0863846407593692,0.483614852996234,0.178622803299306,0.858233888004914,0.979542098793555
"Chapaev-2_CE",29.1147741505083,0.259316471668432,0.787169870904954,0.329428858056158,0.74183155839246,0.979542098793555
"DNA-3-1_CE",14.531787107133,0.305102304290405,1.05188624166439,0.290052566718283,0.771776022837438,0.979542098793555
"G-rich",10.5250894231152,-0.375763436815486,1.46820887770347,-0.255933227568576,0.798002396969807,0.979542098793555
"HAT1_CE",83.2505928754273,0.0812922644166766,0.472538482526924,0.172033109307759,0.86341149955734,0.979542098793555
"HAT3_CE",14.3576600620328,-0.109937074248047,0.993608561726554,-0.110644250143149,0.911898456348912,0.979542098793555
"HAT4_CE",10.9097315155877,0.203527593271032,1.4072130978872,0.144631679151231,0.885001683862218,0.979542098793555
"HelitronY2_CE",50.7026325695902,-0.349433831251576,0.878055920330359,-0.39796307178261,0.690657406780498,0.979542098793555
"IR4",20.9388740910245,0.362596329537494,0.993014110102697,0.365147207726983,0.715001523486362,0.979542098793555
"LINE2F_CE",12.7248575359411,0.426904564859198,1.3733283966839,0.310853955900148,0.755911649304948,0.979542098793555
"LR9A",45.4581156064378,0.0652540326482755,0.807047491583428,0.0808552573780348,0.935557062846533,0.979542098793555
"LTR1_CE",10.2673607219743,0.256902881415371,1.32577755284747,0.193775253520925,0.846351864559509,0.979542098793555
"LTRCER1",2.13046806648943,-0.783542716752172,2.40275112828612,-0.326102319765041,0.744346941965971,0.979542098793555
"MARINCE1",20.007505232506,0.504144273449504,1.32466843582491,0.380581479723685,0.703513825949794,0.979542098793555
"Mariner5_CE",13.1318240284973,0.105048206751429,1.36422687977209,0.0770020062711112,0.938621948934944,0.979542098793555
"NDNAX3_CE",61.1415799784009,-0.208014864896548,0.795090327349161,-0.261624192549382,0.793611190533237,0.979542098793555
"NPAL0A_CE",1.72734314717679,0.399239654336396,3.00057907113086,0.133054202163028,0.894150514397515,0.979542098793555
"NPAL5A_CE",13.5480382615889,0.165710261473665,1.24435303759089,0.133169813121913,0.89405908381756,0.979542098793555
"NPALTA1_CE",16.0365571677394,-0.227640156379227,1.06041285523388,-0.214671253046079,0.830023636797102,0.979542098793555
"PAL5A_CE",85.6180320338149,0.1203927655597,0.637902535052376,0.188732226232358,0.850302692587143,0.979542098793555
"PAL8A_CE",3.92950061899935,0.63174437113451,2.32020169213169,0.272279937247219,0.785406781424315,0.979542098793555
"PAL8C_1",3.86872635065772,0.183873209514695,1.9779138972804,0.0929632021735215,0.925932794996275,0.979542098793555
"PAL8D_CE",16.4819640348251,0.129531548105703,1.04087127553468,0.124445309569298,0.900962700295716,0.979542098793555
"PAL9A_CE",11.6513991020739,-0.162441753450904,1.54772419126397,-0.104955233217776,0.91641133117068,0.979542098793555
"PALNN1_CE",2.16954708619361,0.667276836338949,2.57168686490378,0.259470484313383,0.795272252483332,0.979542098793555
"PALTA2_CE",8.16789611144767,0.301975100056448,1.52648995758813,0.197823181577671,0.84318340830511,0.979542098793555
"PALTTAA1_CE",103.547296843974,0.0962396223614548,0.582690383049509,0.165164253883486,0.868814700078388,0.979542098793555
"PALTTTAAA2",58.535397082637,0.325985602917404,0.824312650365012,0.395463545019059,0.692500820477516,0.979542098793555
"RCS5",21.9505488605729,-0.215514664186894,0.971877843711424,-0.22175077411363,0.824507901917747,0.979542098793555
"SSU-rRNA_Cel",3442560.95240613,0.337699681193293,1.16730755344944,0.289297949109794,0.772353381625823,0.979542098793555
"TC5B",5.57528886806373,0.350466117089958,1.56435114979979,0.224032895130235,0.822731707093064,0.979542098793555
"TIR23T5A_CE",23.1102118058019,-0.339393409673818,1.15258737929934,-0.294462195031266,0.76840474746638,0.979542098793555
"Tc1A",24.0189431055551,0.233541502977477,0.936838138314797,0.249286929541079,0.803138840965566,0.979542098793555
"polypurine",30.7213041357345,-0.136987081357574,0.936280774646706,-0.146309830413067,0.883676805821644,0.979542098793555
"polypyrimidine",11.8834999941967,0.320743882872835,1.40296577643241,0.228618465440013,0.819165471287663,0.979542098793555
"SINE1_CE",8.16233337633682,0.0895148145620362,1.41708656013645,0.0631682051613111,0.94963256280399,0.985243783909139
"(GAATG)n",1.60873490826325,0.0904923363398714,3.03316228872681,0.0298343206613768,0.976199187012418,0.991345706652537
"(TCTA)n",1.04621279166126,-0.150801675852637,3.78000553946058,-0.0398945647773195,0.968177184334582,0.991345706652537
"(TTGGGG)n",1.99459040742184,-0.0605474356095814,2.90706112623905,-0.0208277132747853,0.983383090534846,0.991345706652537
"A-rich",314.011276396276,-0.00798271402497177,0.359318186981811,-0.022216281597168,0.982275429959653,0.991345706652537
"CER10-I_CE-int",86.7764534040371,0.0410159767096345,0.936150358573361,0.0438134497669162,0.965053106016338,0.991345706652537
"PALTA1_CE",8.65126734512232,-0.0573486363049365,1.44080620609863,-0.0398031574698885,0.968250058930982,0.991345706652537
"PALTTAA3_CE",127.835329903093,-0.0113171181835499,0.428698651757965,-0.0263987725110443,0.978939273204232,0.991345706652537
"GC_rich",18.3812315293868,0.0127515973267426,1.06225149901141,0.0120043109740113,0.990422175644286,0.994415813449303
"(TTTTTA)n",1.58073265241842,0,4.00886231803681,0,1,1
